INSERT INTO People VALUES ('Fred Astaire', 1899, 1987);
INSERT INTO People VALUES ('Lauren Bacall', 1924, 2014);
INSERT INTO People VALUES ('Brigitte Bardot', 1934, NULL);
INSERT INTO People VALUES ('John Belushi', 1949, 1982);
INSERT INTO People VALUES ('Ingmar Bergman', 1918, 2007);
INSERT INTO People VALUES ('Ingrid Bergman', 1915, 1982);
INSERT INTO People VALUES ('Humphrey Bogart', 1899, 1957);
INSERT INTO People VALUES ('Marlon Brando', 1924, 2004);
INSERT INTO People VALUES ('Richard Burton', 1925, 1984);
INSERT INTO People VALUES ('James Cagney', 1899, 1986);
INSERT INTO People VALUES ('Gary Cooper', 1901, 1961);
INSERT INTO People VALUES ('Bette Davis', 1908, 1989);
INSERT INTO People VALUES ('Doris Day', 1922, 2019);
INSERT INTO People VALUES ('Olivia de Havilland', 1916, 2020);
INSERT INTO People VALUES ('James Dean', 1931, 1955);
INSERT INTO People VALUES ('Georges Delerue', 1925, 1992);
INSERT INTO People VALUES ('Marlene Dietrich', 1901, 1992);
INSERT INTO People VALUES ('Kirk Douglas', 1916, 2020);
INSERT INTO People VALUES ('Federico Fellini', 1920, 1993);
INSERT INTO People VALUES ('Henry Fonda', 1905, 1982);

INSERT INTO Titles VALUES ('tt0021156', 'Morocco', 1930, NULL, 92, 7, 7393);
INSERT INTO Titles VALUES ('tt0027996', 'Mr. Deeds Goes to Town', 1936, NULL, 115, 7.8, 22954);
INSERT INTO Titles VALUES ('tt0029843', 'The Adventures of Robin Hood', 1938, NULL, 102, 7.9, 54013);
INSERT INTO Titles VALUES ('tt0029870', 'Angels with Dirty Faces', 1938, NULL, 97, 7.9, 23014);
INSERT INTO Titles VALUES ('tt0031210', 'Dark Victory', 1939, NULL, 104, 7.4, 12172);
INSERT INTO Titles VALUES ('tt0031381', 'Gone with the Wind', 1939, NULL, 238, 8.2, 331106);
INSERT INTO Titles VALUES ('tt0031867', 'The Roaring Twenties', 1939, NULL, 106, 7.9, 15190);
INSERT INTO Titles VALUES ('tt0031983', 'The Story of Vernon and Irene Castle', 1939, NULL, 93, 6.9, 2766);
INSERT INTO Titles VALUES ('tt0032551', 'The Grapes of Wrath', 1940, NULL, 129, 8.1, 99036);
INSERT INTO Titles VALUES ('tt0034167', 'Sergeant York', 1941, NULL, 134, 7.7, 19579);
INSERT INTO Titles VALUES ('tt0034583', 'Casablanca', 1942, NULL, 102, 8.5, 600316);
INSERT INTO Titles VALUES ('tt0035140', 'Now, Voyager', 1942, NULL, 117, 7.9, 18706);
INSERT INTO Titles VALUES ('tt0035575', 'Yankee Doodle Dandy', 1942, NULL, 126, 7.6, 16730);
INSERT INTO Titles VALUES ('tt0035896', 'For Whom the Bell Tolls', 1943, NULL, 170, 6.8, 10127);
INSERT INTO Titles VALUES ('tt0036855', 'Gaslight', 1944, NULL, 114, 7.8, 33292);
INSERT INTO Titles VALUES ('tt0037382', 'To Have and Have Not', 1944, NULL, 100, 7.8, 37678);
INSERT INTO Titles VALUES ('tt0038109', 'Spellbound', 1945, NULL, 111, 7.5, 51595);
INSERT INTO Titles VALUES ('tt0038355', 'The Big Sleep', 1946, NULL, 114, 7.9, 89947);
INSERT INTO Titles VALUES ('tt0038787', 'Notorious', 1946, NULL, 102, 7.9, 106184);
INSERT INTO Titles VALUES ('tt0040806', 'The Snake Pit', 1948, NULL, 108, 7.6, 8330);
INSERT INTO Titles VALUES ('tt0041452', 'The Heiress', 1949, NULL, 115, 8.1, 17137);
INSERT INTO Titles VALUES ('tt0042041', 'White Heat', 1949, NULL, 114, 8.1, 35326);
INSERT INTO Titles VALUES ('tt0042192', 'All About Eve', 1950, NULL, 138, 8.2, 137616);
INSERT INTO Titles VALUES ('tt0042593', 'In a Lonely Place', 1950, NULL, 94, 7.9, 34700);
INSERT INTO Titles VALUES ('tt0043228', 'Schlitz Playhouse', 1951, 1959, 30, 7.6, 336);
INSERT INTO Titles VALUES ('tt0043265', 'The African Queen', 1951, NULL, 105, 7.7, 83589);
INSERT INTO Titles VALUES ('tt0044706', 'High Noon', 1952, NULL, 85, 8, 109359);
INSERT INTO Titles VALUES ('tt0045591', 'Calamity Jane', 1953, NULL, 101, 7.2, 10721);
INSERT INTO Titles VALUES ('tt0047296', 'On the Waterfront', 1954, NULL, 108, 8.1, 163087);
INSERT INTO Titles VALUES ('tt0048028', 'East of Eden', 1955, NULL, 118, 7.8, 48415);
INSERT INTO Titles VALUES ('tt0048317', 'Love Me or Leave Me', 1955, NULL, 122, 7.1, 4668);
INSERT INTO Titles VALUES ('tt0048545', 'Rebel Without a Cause', 1955, NULL, 111, 7.6, 97041);
INSERT INTO Titles VALUES ('tt0049189', '...And God Created Woman', 1956, NULL, 95, 6.3, 9228);
INSERT INTO Titles VALUES ('tt0049261', 'Giant', 1956, NULL, 201, 7.6, 41833);
INSERT INTO Titles VALUES ('tt0049456', 'Lust for Life', 1956, NULL, 122, 7.3, 12398);
INSERT INTO Titles VALUES ('tt0049470', 'The Man Who Knew Too Much', 1956, NULL, 120, 7.4, 68784);
INSERT INTO Titles VALUES ('tt0050083', '12 Angry Men', 1957, NULL, 96, 9, 851934);
INSERT INTO Titles VALUES ('tt0050419', 'Funny Face', 1957, NULL, 103, 7, 32588);
INSERT INTO Titles VALUES ('tt0050783', 'Nights of Cabiria', 1957, NULL, 110, 8.1, 51559);
INSERT INTO Titles VALUES ('tt0050825', 'Paths of Glory', 1957, NULL, 88, 8.4, 209936);
INSERT INTO Titles VALUES ('tt0050976', 'The Seventh Seal', 1957, NULL, 96, 8.1, 196306);
INSERT INTO Titles VALUES ('tt0050986', 'Wild Strawberries', 1957, NULL, 91, 8.1, 113735);
INSERT INTO Titles VALUES ('tt0051201', 'Witness for the Prosecution', 1957, NULL, 116, 8.4, 135709);
INSERT INTO Titles VALUES ('tt0051207', 'The Wrong Man', 1956, NULL, 105, 7.4, 30979);
INSERT INTO Titles VALUES ('tt0052311', 'Touch of Evil', 1958, NULL, 95, 8, 109138);
INSERT INTO Titles VALUES ('tt0053137', 'On the Beach', 1959, NULL, 134, 7.1, 14285);
INSERT INTO Titles VALUES ('tt0053172', 'Pillow Talk', 1959, NULL, 102, 7.4, 18954);
INSERT INTO Titles VALUES ('tt0053779', 'La Dolce Vita', 1960, NULL, 174, 8, 77539);
INSERT INTO Titles VALUES ('tt0054331', 'Spartacus', 1960, NULL, 197, 7.9, 141945);
INSERT INTO Titles VALUES ('tt0054452', 'The Truth', 1960, NULL, 128, 7.6, 4359);
INSERT INTO Titles VALUES ('tt0055031', 'Judgment at Nuremberg', 1961, NULL, 179, 8.3, 83885);
INSERT INTO Titles VALUES ('tt0056404', 'Love on a Pillow', 1962, NULL, 102, 5.5, 720);
INSERT INTO Titles VALUES ('tt0056687', 'What Ever Happened to Baby Jane?', 1962, NULL, 134, 8, 60942);
INSERT INTO Titles VALUES ('tt0057345', 'Contempt', 1963, NULL, 103, 7.5, 35706);
INSERT INTO Titles VALUES ('tt0057877', 'Becket', 1964, NULL, 148, 7.8, 15678);
INSERT INTO Titles VALUES ('tt0059749', 'The Spy Who Came in from the Cold', 1965, NULL, 112, 7.5, 18608);
INSERT INTO Titles VALUES ('tt0068646', 'The Godfather', 1972, NULL, 175, 9.2, 1987338);
INSERT INTO Titles VALUES ('tt0069467', 'Cries & Whispers', 1972, NULL, 91, 8, 36573);
INSERT INTO Titles VALUES ('tt0069946', 'The Day of the Dolphin', 1973, NULL, 104, 6, 3484);
INSERT INTO Titles VALUES ('tt0070849', 'Last Tango in Paris', 1972, NULL, 129, 6.9, 57725);
INSERT INTO Titles VALUES ('tt0071129', 'Amarcord', 1973, NULL, 123, 7.8, 46397);
INSERT INTO Titles VALUES ('tt0072308', 'The Towering Inferno', 1974, NULL, 165, 7, 47682);
INSERT INTO Titles VALUES ('tt0072562', 'Saturday Night Live', 1975, NULL, 90, 8, 52066);
INSERT INTO Titles VALUES ('tt0075213', 'The Shootist', 1976, NULL, 100, 7.6, 26534);
INSERT INTO Titles VALUES ('tt0078723', '1941', 1979, NULL, 118, 5.8, 35970);
INSERT INTO Titles VALUES ('tt0078788', 'Apocalypse Now', 1979, NULL, 147, 8.4, 702760);
INSERT INTO Titles VALUES ('tt0080455', 'The Blues Brothers', 1980, NULL, 133, 7.9, 212168);
INSERT INTO Titles VALUES ('tt0080736', 'The Final Countdown', 1980, NULL, 103, 6.6, 26578);
INSERT INTO Titles VALUES ('tt0082846', 'On Golden Pond', 1981, NULL, 109, 7.6, 34430);
INSERT INTO Titles VALUES ('tt0083922', 'Fanny and Alexander', 1982, NULL, 188, 8.1, 67055);
INSERT INTO Titles VALUES ('tt0087803', '1984', 1984, NULL, 113, 7.1, 78074);
INSERT INTO Titles VALUES ('tt0091763', 'Platoon', 1986, NULL, 120, 8.1, 434901);
INSERT INTO Titles VALUES ('tt0096320', 'Twins', 1988, NULL, 107, 6.2, 135460);
INSERT INTO Titles VALUES ('tt0117057', 'The Mirror Has Two Faces', 1996, NULL, 126, 6.6, 21765);

INSERT INTO TvSeries VALUES ('tt0043228');
INSERT INTO TvSeries VALUES ('tt0072562');

INSERT INTO Genres VALUES ('tt0021156', 'Drama');
INSERT INTO Genres VALUES ('tt0021156', 'Romance');
INSERT INTO Genres VALUES ('tt0027996', 'Comedy');
INSERT INTO Genres VALUES ('tt0027996', 'Drama');
INSERT INTO Genres VALUES ('tt0027996', 'Romance');
INSERT INTO Genres VALUES ('tt0029843', 'Action');
INSERT INTO Genres VALUES ('tt0029843', 'Adventure');
INSERT INTO Genres VALUES ('tt0029843', 'Romance');
INSERT INTO Genres VALUES ('tt0029870', 'Crime');
INSERT INTO Genres VALUES ('tt0029870', 'Drama');
INSERT INTO Genres VALUES ('tt0029870', 'Film-Noir');
INSERT INTO Genres VALUES ('tt0031210', 'Drama');
INSERT INTO Genres VALUES ('tt0031210', 'Romance');
INSERT INTO Genres VALUES ('tt0031381', 'Drama');
INSERT INTO Genres VALUES ('tt0031381', 'Romance');
INSERT INTO Genres VALUES ('tt0031381', 'War');
INSERT INTO Genres VALUES ('tt0031867', 'Crime');
INSERT INTO Genres VALUES ('tt0031867', 'Drama');
INSERT INTO Genres VALUES ('tt0031867', 'Film-Noir');
INSERT INTO Genres VALUES ('tt0031983', 'Biography');
INSERT INTO Genres VALUES ('tt0031983', 'Drama');
INSERT INTO Genres VALUES ('tt0031983', 'Musical');
INSERT INTO Genres VALUES ('tt0032551', 'Drama');
INSERT INTO Genres VALUES ('tt0034167', 'Biography');
INSERT INTO Genres VALUES ('tt0034167', 'Drama');
INSERT INTO Genres VALUES ('tt0034167', 'History');
INSERT INTO Genres VALUES ('tt0034583', 'Drama');
INSERT INTO Genres VALUES ('tt0034583', 'Romance');
INSERT INTO Genres VALUES ('tt0034583', 'War');
INSERT INTO Genres VALUES ('tt0035140', 'Drama');
INSERT INTO Genres VALUES ('tt0035140', 'Romance');
INSERT INTO Genres VALUES ('tt0035575', 'Biography');
INSERT INTO Genres VALUES ('tt0035575', 'Drama');
INSERT INTO Genres VALUES ('tt0035575', 'Family');
INSERT INTO Genres VALUES ('tt0035896', 'Adventure');
INSERT INTO Genres VALUES ('tt0035896', 'Drama');
INSERT INTO Genres VALUES ('tt0035896', 'History');
INSERT INTO Genres VALUES ('tt0036855', 'Crime');
INSERT INTO Genres VALUES ('tt0036855', 'Drama');
INSERT INTO Genres VALUES ('tt0036855', 'Mystery');
INSERT INTO Genres VALUES ('tt0037382', 'Adventure');
INSERT INTO Genres VALUES ('tt0037382', 'Comedy');
INSERT INTO Genres VALUES ('tt0037382', 'Film-Noir');
INSERT INTO Genres VALUES ('tt0038109', 'Film-Noir');
INSERT INTO Genres VALUES ('tt0038109', 'Mystery');
INSERT INTO Genres VALUES ('tt0038109', 'Romance');
INSERT INTO Genres VALUES ('tt0038355', 'Crime');
INSERT INTO Genres VALUES ('tt0038355', 'Film-Noir');
INSERT INTO Genres VALUES ('tt0038355', 'Mystery');
INSERT INTO Genres VALUES ('tt0038787', 'Drama');
INSERT INTO Genres VALUES ('tt0038787', 'Film-Noir');
INSERT INTO Genres VALUES ('tt0038787', 'Romance');
INSERT INTO Genres VALUES ('tt0040806', 'Drama');
INSERT INTO Genres VALUES ('tt0040806', 'Mystery');
INSERT INTO Genres VALUES ('tt0041452', 'Drama');
INSERT INTO Genres VALUES ('tt0041452', 'Romance');
INSERT INTO Genres VALUES ('tt0042041', 'Action');
INSERT INTO Genres VALUES ('tt0042041', 'Crime');
INSERT INTO Genres VALUES ('tt0042041', 'Drama');
INSERT INTO Genres VALUES ('tt0042192', 'Drama');
INSERT INTO Genres VALUES ('tt0042593', 'Drama');
INSERT INTO Genres VALUES ('tt0042593', 'Film-Noir');
INSERT INTO Genres VALUES ('tt0042593', 'Mystery');
INSERT INTO Genres VALUES ('tt0043228', 'Comedy');
INSERT INTO Genres VALUES ('tt0043228', 'Drama');
INSERT INTO Genres VALUES ('tt0043265', 'Adventure');
INSERT INTO Genres VALUES ('tt0043265', 'Drama');
INSERT INTO Genres VALUES ('tt0043265', 'Romance');
INSERT INTO Genres VALUES ('tt0044706', 'Drama');
INSERT INTO Genres VALUES ('tt0044706', 'Thriller');
INSERT INTO Genres VALUES ('tt0044706', 'Western');
INSERT INTO Genres VALUES ('tt0045591', 'Musical');
INSERT INTO Genres VALUES ('tt0045591', 'Romance');
INSERT INTO Genres VALUES ('tt0045591', 'Western');
INSERT INTO Genres VALUES ('tt0047296', 'Crime');
INSERT INTO Genres VALUES ('tt0047296', 'Drama');
INSERT INTO Genres VALUES ('tt0047296', 'Thriller');
INSERT INTO Genres VALUES ('tt0048028', 'Drama');
INSERT INTO Genres VALUES ('tt0048317', 'Biography');
INSERT INTO Genres VALUES ('tt0048317', 'Drama');
INSERT INTO Genres VALUES ('tt0048317', 'Music');
INSERT INTO Genres VALUES ('tt0048545', 'Drama');
INSERT INTO Genres VALUES ('tt0049189', 'Drama');
INSERT INTO Genres VALUES ('tt0049189', 'Romance');
INSERT INTO Genres VALUES ('tt0049261', 'Drama');
INSERT INTO Genres VALUES ('tt0049261', 'Western');
INSERT INTO Genres VALUES ('tt0049456', 'Biography');
INSERT INTO Genres VALUES ('tt0049456', 'Drama');
INSERT INTO Genres VALUES ('tt0049470', 'Drama');
INSERT INTO Genres VALUES ('tt0049470', 'Thriller');
INSERT INTO Genres VALUES ('tt0050083', 'Crime');
INSERT INTO Genres VALUES ('tt0050083', 'Drama');
INSERT INTO Genres VALUES ('tt0050419', 'Comedy');
INSERT INTO Genres VALUES ('tt0050419', 'Musical');
INSERT INTO Genres VALUES ('tt0050419', 'Romance');
INSERT INTO Genres VALUES ('tt0050783', 'Drama');
INSERT INTO Genres VALUES ('tt0050825', 'Drama');
INSERT INTO Genres VALUES ('tt0050825', 'War');
INSERT INTO Genres VALUES ('tt0050976', 'Drama');
INSERT INTO Genres VALUES ('tt0050976', 'Fantasy');
INSERT INTO Genres VALUES ('tt0050986', 'Drama');
INSERT INTO Genres VALUES ('tt0050986', 'Romance');
INSERT INTO Genres VALUES ('tt0051201', 'Crime');
INSERT INTO Genres VALUES ('tt0051201', 'Drama');
INSERT INTO Genres VALUES ('tt0051201', 'Mystery');
INSERT INTO Genres VALUES ('tt0051207', 'Drama');
INSERT INTO Genres VALUES ('tt0051207', 'Film-Noir');
INSERT INTO Genres VALUES ('tt0052311', 'Crime');
INSERT INTO Genres VALUES ('tt0052311', 'Drama');
INSERT INTO Genres VALUES ('tt0052311', 'Film-Noir');
INSERT INTO Genres VALUES ('tt0053137', 'Drama');
INSERT INTO Genres VALUES ('tt0053137', 'Romance');
INSERT INTO Genres VALUES ('tt0053137', 'Sci-Fi');
INSERT INTO Genres VALUES ('tt0053172', 'Comedy');
INSERT INTO Genres VALUES ('tt0053172', 'Romance');
INSERT INTO Genres VALUES ('tt0053779', 'Comedy');
INSERT INTO Genres VALUES ('tt0053779', 'Drama');
INSERT INTO Genres VALUES ('tt0054331', 'Adventure');
INSERT INTO Genres VALUES ('tt0054331', 'Biography');
INSERT INTO Genres VALUES ('tt0054331', 'Drama');
INSERT INTO Genres VALUES ('tt0054452', 'Drama');
INSERT INTO Genres VALUES ('tt0055031', 'Drama');
INSERT INTO Genres VALUES ('tt0055031', 'War');
INSERT INTO Genres VALUES ('tt0056404', 'Drama');
INSERT INTO Genres VALUES ('tt0056404', 'Romance');
INSERT INTO Genres VALUES ('tt0056687', 'Drama');
INSERT INTO Genres VALUES ('tt0056687', 'Horror');
INSERT INTO Genres VALUES ('tt0056687', 'Thriller');
INSERT INTO Genres VALUES ('tt0057345', 'Drama');
INSERT INTO Genres VALUES ('tt0057345', 'Romance');
INSERT INTO Genres VALUES ('tt0057877', 'Biography');
INSERT INTO Genres VALUES ('tt0057877', 'Drama');
INSERT INTO Genres VALUES ('tt0057877', 'History');
INSERT INTO Genres VALUES ('tt0059749', 'Drama');
INSERT INTO Genres VALUES ('tt0059749', 'Thriller');
INSERT INTO Genres VALUES ('tt0068646', 'Crime');
INSERT INTO Genres VALUES ('tt0068646', 'Drama');
INSERT INTO Genres VALUES ('tt0069467', 'Drama');
INSERT INTO Genres VALUES ('tt0069946', 'Drama');
INSERT INTO Genres VALUES ('tt0069946', 'Sci-Fi');
INSERT INTO Genres VALUES ('tt0069946', 'Thriller');
INSERT INTO Genres VALUES ('tt0070849', 'Drama');
INSERT INTO Genres VALUES ('tt0070849', 'Romance');
INSERT INTO Genres VALUES ('tt0071129', 'Comedy');
INSERT INTO Genres VALUES ('tt0071129', 'Drama');
INSERT INTO Genres VALUES ('tt0072308', 'Action');
INSERT INTO Genres VALUES ('tt0072308', 'Drama');
INSERT INTO Genres VALUES ('tt0072308', 'Thriller');
INSERT INTO Genres VALUES ('tt0072562', 'Comedy');
INSERT INTO Genres VALUES ('tt0072562', 'Music');
INSERT INTO Genres VALUES ('tt0075213', 'Drama');
INSERT INTO Genres VALUES ('tt0075213', 'Romance');
INSERT INTO Genres VALUES ('tt0075213', 'Western');
INSERT INTO Genres VALUES ('tt0078723', 'Action');
INSERT INTO Genres VALUES ('tt0078723', 'Comedy');
INSERT INTO Genres VALUES ('tt0078723', 'War');
INSERT INTO Genres VALUES ('tt0078788', 'Drama');
INSERT INTO Genres VALUES ('tt0078788', 'Mystery');
INSERT INTO Genres VALUES ('tt0078788', 'War');
INSERT INTO Genres VALUES ('tt0080455', 'Action');
INSERT INTO Genres VALUES ('tt0080455', 'Adventure');
INSERT INTO Genres VALUES ('tt0080455', 'Comedy');
INSERT INTO Genres VALUES ('tt0080736', 'Action');
INSERT INTO Genres VALUES ('tt0080736', 'Adventure');
INSERT INTO Genres VALUES ('tt0080736', 'Sci-Fi');
INSERT INTO Genres VALUES ('tt0082846', 'Drama');
INSERT INTO Genres VALUES ('tt0083922', 'Drama');
INSERT INTO Genres VALUES ('tt0087803', 'Drama');
INSERT INTO Genres VALUES ('tt0087803', 'Sci-Fi');
INSERT INTO Genres VALUES ('tt0091763', 'Drama');
INSERT INTO Genres VALUES ('tt0091763', 'War');
INSERT INTO Genres VALUES ('tt0096320', 'Comedy');
INSERT INTO Genres VALUES ('tt0096320', 'Crime');
INSERT INTO Genres VALUES ('tt0117057', 'Comedy');
INSERT INTO Genres VALUES ('tt0117057', 'Drama');
INSERT INTO Genres VALUES ('tt0117057', 'Romance');

INSERT INTO Episodes VALUES ('tt0043228', 3, 25, 'The Jungle Trap');
INSERT INTO Episodes VALUES ('tt0043228', 6, 23, 'The Life You Save');
INSERT INTO Episodes VALUES ('tt0043228', 1, 1, 'Not a Chance');
INSERT INTO Episodes VALUES ('tt0043228', 4, 35, 'The Unlighted Road');
INSERT INTO Episodes VALUES ('tt0043228', 6, 30, 'Girl with a Glow');
INSERT INTO Episodes VALUES ('tt0043228', 7, 30, 'A Contest of Ladies');
INSERT INTO Episodes VALUES ('tt0043228', 8, 8, 'A Fistful of Love');
INSERT INTO Episodes VALUES ('tt0043228', 5, 6, 'A Gift of Life');
INSERT INTO Episodes VALUES ('tt0043228', 6, 13, 'A Light in the Desert');
INSERT INTO Episodes VALUES ('tt0043228', 1, 43, NULL);
INSERT INTO Episodes VALUES ('tt0043228', 4, 41, 'A Mule for Santa Fe');
INSERT INTO Episodes VALUES ('tt0043228', 1, 35, 'A Quarter for Your Troubles');
INSERT INTO Episodes VALUES ('tt0043228', 1, 41, 'A Southern Lady');
INSERT INTO Episodes VALUES ('tt0043228', 2, 17, 'A String of Beads');
INSERT INTO Episodes VALUES ('tt0043228', 6, 12, 'A Tale of Wells Fargo');
INSERT INTO Episodes VALUES ('tt0043228', 8, 1, 'A Thing to Fight For');
INSERT INTO Episodes VALUES ('tt0043228', 2, 34, 'Allen of Harper');
INSERT INTO Episodes VALUES ('tt0043228', 6, 5, 'Always the Best Man');
INSERT INTO Episodes VALUES ('tt0043228', 4, 44, 'Ambitious Cop');
INSERT INTO Episodes VALUES ('tt0043228', 8, 10, 'And Practically Strangers');
INSERT INTO Episodes VALUES ('tt0043228', 5, 28, 'Angels in the Sky');
INSERT INTO Episodes VALUES ('tt0043228', 1, 22, 'Apple of His Eye');
INSERT INTO Episodes VALUES ('tt0043228', 1, 32, 'Appointment with the Past');
INSERT INTO Episodes VALUES ('tt0043228', 3, 21, 'At the Natchez Inn');
INSERT INTO Episodes VALUES ('tt0043228', 1, 33, 'Autumn in New York');
INSERT INTO Episodes VALUES ('tt0043228', 5, 2, NULL);
INSERT INTO Episodes VALUES ('tt0043228', 2, 13, 'Barrow Street');
INSERT INTO Episodes VALUES ('tt0043228', 2, 27, NULL);
INSERT INTO Episodes VALUES ('tt0043228', 1, 15, 'Billy Budd');
INSERT INTO Episodes VALUES ('tt0043228', 7, 7, 'Bitter Parting');
INSERT INTO Episodes VALUES ('tt0043228', 3, 38, 'Blizzard Bound');
INSERT INTO Episodes VALUES ('tt0043228', 7, 26, NULL);
INSERT INTO Episodes VALUES ('tt0043228', 3, 3, 'Boomerang');
INSERT INTO Episodes VALUES ('tt0043228', 3, 48, 'By-Line');
INSERT INTO Episodes VALUES ('tt0043228', 3, 51, 'Captain in Command');
INSERT INTO Episodes VALUES ('tt0043228', 6, 24, 'Carriage from Britain');
INSERT INTO Episodes VALUES ('tt0043228', 5, 13, 'Christmas Guest');
INSERT INTO Episodes VALUES ('tt0043228', 1, 14, 'Clean Sweep for Lavinia');
INSERT INTO Episodes VALUES ('tt0043228', 6, 28, 'Clothes Make the Man');
INSERT INTO Episodes VALUES ('tt0043228', 2, 5, 'Come What May');
INSERT INTO Episodes VALUES ('tt0043228', 1, 44, 'Crossroads');
INSERT INTO Episodes VALUES ('tt0043228', 7, 38, 'Curfew at Midnight');
INSERT INTO Episodes VALUES ('tt0043228', 1, 12, 'Dark Fleece');
INSERT INTO Episodes VALUES ('tt0043228', 5, 35, 'Date for Tomorrow');
INSERT INTO Episodes VALUES ('tt0043228', 3, 34, 'Dawn at Damascus');
INSERT INTO Episodes VALUES ('tt0043228', 4, 16, 'Day of Good News');
INSERT INTO Episodes VALUES ('tt0043228', 5, 16, NULL);
INSERT INTO Episodes VALUES ('tt0043228', 1, 6, 'Decision and Daniel Webster');
INSERT INTO Episodes VALUES ('tt0043228', 3, 35, 'Decision at Sea');
INSERT INTO Episodes VALUES ('tt0043228', 3, 53, 'Delay at Fort Bess');
INSERT INTO Episodes VALUES ('tt0043228', 3, 4, 'Desert Tragedy');
INSERT INTO Episodes VALUES ('tt0043228', 1, 31, 'Doctors Should Never Marry');
INSERT INTO Episodes VALUES ('tt0043228', 5, 43, 'Dara');
INSERT INTO Episodes VALUES ('tt0043228', 1, 46, 'Double Exposure');
INSERT INTO Episodes VALUES ('tt0043228', 2, 8, 'Drawing Room A');
INSERT INTO Episodes VALUES ('tt0043228', 1, 37, 'Dress in the Window');
INSERT INTO Episodes VALUES ('tt0043228', 7, 8, 'Dual Control');
INSERT INTO Episodes VALUES ('tt0043228', 1, 42, 'Early Space Conquerors');
INSERT INTO Episodes VALUES ('tt0043228', 7, 21, 'East of the Moon');
INSERT INTO Episodes VALUES ('tt0043228', 6, 41, 'Easy Going Man');
INSERT INTO Episodes VALUES ('tt0043228', 2, 9, 'Enchanted Evening');
INSERT INTO Episodes VALUES ('tt0043228', 1, 11, 'Exit');
INSERT INTO Episodes VALUES ('tt0043228', 1, 27, 'The Experiment');
INSERT INTO Episodes VALUES ('tt0043228', 8, 4, 'False Impression');
INSERT INTO Episodes VALUES ('tt0043228', 4, 25, 'Fast Break');
INSERT INTO Episodes VALUES ('tt0043228', 1, 30, 'Fear');
INSERT INTO Episodes VALUES ('tt0043228', 4, 26, 'Fedar');
INSERT INTO Episodes VALUES ('tt0043228', 6, 39, 'Fifty Beautiful Girls');
INSERT INTO Episodes VALUES ('tt0043228', 1, 20, 'Fifty Grand');
INSERT INTO Episodes VALUES ('tt0043228', 5, 44, 'Flowers for Jenny');
INSERT INTO Episodes VALUES ('tt0043228', 5, 15, 'Fool Proof');
INSERT INTO Episodes VALUES ('tt0043228', 6, 26, 'For Better, for Worse');
INSERT INTO Episodes VALUES ('tt0043228', 5, 32, 'Formosa Patrol');
INSERT INTO Episodes VALUES ('tt0043228', 3, 23, NULL);
INSERT INTO Episodes VALUES ('tt0043228', 1, 28, NULL);
INSERT INTO Episodes VALUES ('tt0043228', 7, 14, 'French Provincial');
INSERT INTO Episodes VALUES ('tt0043228', 3, 12, 'Fresh Start');
INSERT INTO Episodes VALUES ('tt0043228', 3, 50, 'Gift of the Devil');
INSERT INTO Episodes VALUES ('tt0043228', 1, 13, 'Girl in a Million');
INSERT INTO Episodes VALUES ('tt0043228', 2, 26, 'Girl of My Dreams');
INSERT INTO Episodes VALUES ('tt0043228', 3, 22, 'Give the Guy a Break');
INSERT INTO Episodes VALUES ('tt0043228', 3, 18, 'Go Away a Winner');
INSERT INTO Episodes VALUES ('tt0043228', 3, 28, 'Groundloop');
INSERT INTO Episodes VALUES ('tt0043228', 2, 21, 'Guardian of the Clock');
INSERT INTO Episodes VALUES ('tt0043228', 7, 17, NULL);
INSERT INTO Episodes VALUES ('tt0043228', 6, 42, 'Hands of the Enemy');
INSERT INTO Episodes VALUES ('tt0043228', 2, 30, 'Happy Ending');
INSERT INTO Episodes VALUES ('tt0043228', 3, 52, 'Hemmed In');
INSERT INTO Episodes VALUES ('tt0043228', 3, 29, 'Her Kind of Honor');
INSERT INTO Episodes VALUES ('tt0043228', 7, 20, 'Heroes Never Grow Up');
INSERT INTO Episodes VALUES ('tt0043228', 6, 31, 'Hey, Mac');
INSERT INTO Episodes VALUES ('tt0043228', 7, 6, 'High Barrier');
INSERT INTO Episodes VALUES ('tt0043228', 7, 18, 'Home Again');
INSERT INTO Episodes VALUES ('tt0043228', 2, 1, 'Homecoming');
INSERT INTO Episodes VALUES ('tt0043228', 8, 16, 'Hostage');
INSERT INTO Episodes VALUES ('tt0043228', 3, 44, 'How the Brigadier Won His Medals');
INSERT INTO Episodes VALUES ('tt0043228', 7, 27, 'I Shot a Prowler');
INSERT INTO Episodes VALUES ('tt0043228', 2, 3, 'I Want to Be a Movie Star');
INSERT INTO Episodes VALUES ('tt0043228', 5, 49, NULL);
INSERT INTO Episodes VALUES ('tt0043228', 3, 7, 'In the Pincers');
INSERT INTO Episodes VALUES ('tt0043228', 8, 13, 'Ivy League');
INSERT INTO Episodes VALUES ('tt0043228', 2, 18, 'Jenny');
INSERT INTO Episodes VALUES ('tt0043228', 4, 50, 'Jury of One');
INSERT INTO Episodes VALUES ('tt0043228', 2, 47, 'Knave of Hearts');
INSERT INTO Episodes VALUES ('tt0043228', 1, 18, 'Lady with a Will');
INSERT INTO Episodes VALUES ('tt0043228', 8, 5, 'Last Edition');
INSERT INTO Episodes VALUES ('tt0043228', 3, 10, NULL);
INSERT INTO Episodes VALUES ('tt0043228', 3, 39, 'Little War at San Dede');
INSERT INTO Episodes VALUES ('tt0043228', 4, 29, 'Log the Man Innocent');
INSERT INTO Episodes VALUES ('tt0043228', 3, 2, 'Lost and Found');
INSERT INTO Episodes VALUES ('tt0043228', 7, 34, 'Lottery for Revenge');
INSERT INTO Episodes VALUES ('tt0043228', 1, 34, 'Love Came Late');
INSERT INTO Episodes VALUES ('tt0043228', 3, 11, 'Lucky Thirteen');
INSERT INTO Episodes VALUES ('tt0043228', 1, 24, 'Make Way for Teddy');
INSERT INTO Episodes VALUES ('tt0043228', 4, 19, 'Man Out of the Rain');
INSERT INTO Episodes VALUES ('tt0043228', 3, 24, 'Man from Outside');
INSERT INTO Episodes VALUES ('tt0043228', 7, 22, 'Man on a Rack');
INSERT INTO Episodes VALUES ('tt0043228', 2, 23, 'Manhattan Robin Hood');
INSERT INTO Episodes VALUES ('tt0043228', 2, 35, 'Medicine Woman');
INSERT INTO Episodes VALUES ('tt0043228', 4, 45, 'Meet Mr. Justice');
INSERT INTO Episodes VALUES ('tt0043228', 4, 10, 'Midnight Haul');
INSERT INTO Episodes VALUES ('tt0043228', 5, 51, 'Midnight Kill');
INSERT INTO Episodes VALUES ('tt0043228', 2, 50, 'Miracle in the Night');
INSERT INTO Episodes VALUES ('tt0043228', 5, 10, 'Moment of Triumph');
INSERT INTO Episodes VALUES ('tt0043228', 6, 1, 'Moment of Vengeance');
INSERT INTO Episodes VALUES ('tt0043228', 4, 31, 'Mr. Ears');
INSERT INTO Episodes VALUES ('tt0043228', 2, 24, 'Mr. Greentree and Friend');
INSERT INTO Episodes VALUES ('tt0043228', 2, 14, 'Mr. Thayer');
INSERT INTO Episodes VALUES ('tt0043228', 1, 47, 'Mr. And Mrs. Trubble or The Tubbles');
INSERT INTO Episodes VALUES ('tt0043228', 4, 21, 'Murder in Paradise');
INSERT INTO Episodes VALUES ('tt0043228', 4, 12, 'Mystery of Murder');
INSERT INTO Episodes VALUES ('tt0043228', 7, 13, 'Neighbors');
INSERT INTO Episodes VALUES ('tt0043228', 1, 3, 'Never Wave at a WAC');
INSERT INTO Episodes VALUES ('tt0043228', 6, 21, 'Night Drive');
INSERT INTO Episodes VALUES ('tt0043228', 3, 26, 'Night Ride to Butte');
INSERT INTO Episodes VALUES ('tt0043228', 5, 8, 'Night of the Big Swamp');
INSERT INTO Episodes VALUES ('tt0043228', 7, 24, 'Night of the Stranger');
INSERT INTO Episodes VALUES ('tt0043228', 2, 28, 'Nineteen Rue Marie');
INSERT INTO Episodes VALUES ('tt0043228', 8, 7, 'No Answer');
INSERT INTO Episodes VALUES ('tt0043228', 7, 19, 'No Boat for Four Months');
INSERT INTO Episodes VALUES ('tt0043228', 3, 15, 'No Compromise');
INSERT INTO Episodes VALUES ('tt0043228', 4, 9, 'No Rescue');
INSERT INTO Episodes VALUES ('tt0043228', 7, 11, 'No Second Helping');
INSERT INTO Episodes VALUES ('tt0043228', 5, 7, 'No Trial by Jury');
INSERT INTO Episodes VALUES ('tt0043228', 5, 5, 'Nothing to Do Till Next Fall');
INSERT INTO Episodes VALUES ('tt0043228', 1, 29, NULL);
INSERT INTO Episodes VALUES ('tt0043228', 4, 32, NULL);
INSERT INTO Episodes VALUES ('tt0043228', 4, 40, NULL);
INSERT INTO Episodes VALUES ('tt0043228', 5, 34, 'Officer Needs Help');
INSERT INTO Episodes VALUES ('tt0043228', 6, 37, 'An Old Spanish Custom');
INSERT INTO Episodes VALUES ('tt0043228', 4, 49, 'On Leave');
INSERT INTO Episodes VALUES ('tt0043228', 5, 21, 'On a Dark Night');
INSERT INTO Episodes VALUES ('tt0043228', 8, 12, 'On the Brink');
INSERT INTO Episodes VALUES ('tt0043228', 5, 11, 'On the Nose');
INSERT INTO Episodes VALUES ('tt0043228', 6, 10, 'Once Upon a Crime');
INSERT INTO Episodes VALUES ('tt0043228', 1, 8, 'One Is a Lonesome Number');
INSERT INTO Episodes VALUES ('tt0043228', 6, 19, 'One Left Over');
INSERT INTO Episodes VALUES ('tt0043228', 7, 2, 'One Way Out');
INSERT INTO Episodes VALUES ('tt0043228', 2, 42, 'Operation Riviera');
INSERT INTO Episodes VALUES ('tt0043228', 5, 22, 'Ordeal');
INSERT INTO Episodes VALUES ('tt0043228', 7, 12, NULL);
INSERT INTO Episodes VALUES ('tt0043228', 1, 17, 'P.G.');
INSERT INTO Episodes VALUES ('tt0043228', 2, 33, 'Papa Goes to the Ball');
INSERT INTO Episodes VALUES ('tt0043228', 7, 28, 'Papa Said No');
INSERT INTO Episodes VALUES ('tt0043228', 2, 29, NULL);
INSERT INTO Episodes VALUES ('tt0043228', 3, 16, 'Part of the Game');
INSERT INTO Episodes VALUES ('tt0043228', 7, 16, 'Pattern for Death');
INSERT INTO Episodes VALUES ('tt0043228', 5, 37, 'Pattern for Pursuit');
INSERT INTO Episodes VALUES ('tt0043228', 3, 20, 'Pearl-Handled Guns');
INSERT INTO Episodes VALUES ('tt0043228', 7, 32, 'Penny Wise');
INSERT INTO Episodes VALUES ('tt0043228', 5, 33, 'Plague Ship');
INSERT INTO Episodes VALUES ('tt0043228', 2, 22, 'Point of Honor');
INSERT INTO Episodes VALUES ('tt0043228', 1, 48, 'Port of Call');
INSERT INTO Episodes VALUES ('tt0043228', 3, 36, 'Prisoner in the Town');
INSERT INTO Episodes VALUES ('tt0043228', 2, 38, 'Pursuit');
INSERT INTO Episodes VALUES ('tt0043228', 3, 45, 'Rabbit Foot');
INSERT INTO Episodes VALUES ('tt0043228', 5, 46, 'Repercussion');
INSERT INTO Episodes VALUES ('tt0043228', 4, 2, NULL);
INSERT INTO Episodes VALUES ('tt0043228', 7, 15, 'Rich Man, Poor Man');
INSERT INTO Episodes VALUES ('tt0043228', 2, 44, 'Richard and the Lion');
INSERT INTO Episodes VALUES ('tt0043228', 4, 28, 'Ride to the West');
INSERT INTO Episodes VALUES ('tt0043228', 3, 19, 'Rim of Violence');
INSERT INTO Episodes VALUES ('tt0043228', 1, 38, 'Say Hello to Pamela');
INSERT INTO Episodes VALUES ('tt0043228', 3, 8, 'Second Sight');
INSERT INTO Episodes VALUES ('tt0043228', 7, 29, 'Secrets of the Old Bailey');
INSERT INTO Episodes VALUES ('tt0043228', 4, 37, 'Sentence of Death');
INSERT INTO Episodes VALUES ('tt0043228', 2, 51, 'Sheila');
INSERT INTO Episodes VALUES ('tt0043228', 5, 23, 'Showdown at Painted Rock');
INSERT INTO Episodes VALUES ('tt0043228', 3, 46, 'Showdown at Sunset');
INSERT INTO Episodes VALUES ('tt0043228', 2, 49, 'Simplon Express');
INSERT INTO Episodes VALUES ('tt0043228', 6, 35, 'Sister Louise Goes to Town');
INSERT INTO Episodes VALUES ('tt0043228', 7, 5, 'Smarty');
INSERT INTO Episodes VALUES ('tt0043228', 1, 45, 'So Help Me');
INSERT INTO Episodes VALUES ('tt0043228', 3, 33, 'Something Wonderful');
INSERT INTO Episodes VALUES ('tt0043228', 6, 20, 'Sometimes You Break Even');
INSERT INTO Episodes VALUES ('tt0043228', 1, 36, 'Souvenir from Singapore');
INSERT INTO Episodes VALUES ('tt0043228', 4, 14, 'Spangal Island');
INSERT INTO Episodes VALUES ('tt0043228', 4, 42, 'Splendid with Swords');
INSERT INTO Episodes VALUES ('tt0043228', 6, 40, 'Sporting Chance');
INSERT INTO Episodes VALUES ('tt0043228', 4, 6, NULL);
INSERT INTO Episodes VALUES ('tt0043228', 5, 31, 'Step Right Up and Die');
INSERT INTO Episodes VALUES ('tt0043228', 1, 4, 'Still Life');
INSERT INTO Episodes VALUES ('tt0043228', 6, 38, 'Storm Over Rapallo');
INSERT INTO Episodes VALUES ('tt0043228', 3, 14, 'Storm Swept');
INSERT INTO Episodes VALUES ('tt0043228', 2, 45, 'Storm Warnings');
INSERT INTO Episodes VALUES ('tt0043228', 5, 48, 'Strange Defense');
INSERT INTO Episodes VALUES ('tt0043228', 6, 34, 'Switch Station');
INSERT INTO Episodes VALUES ('tt0043228', 2, 10, 'Tango');
INSERT INTO Episodes VALUES ('tt0043228', 3, 31, 'Tapu');
INSERT INTO Episodes VALUES ('tt0043228', 6, 17, 'Terror in the Streets');
INSERT INTO Episodes VALUES ('tt0043228', 4, 38, 'The Argonauts');
INSERT INTO Episodes VALUES ('tt0043228', 1, 26, 'The Autobiography of Grandma Moses');
INSERT INTO Episodes VALUES ('tt0043228', 5, 12, 'The Baited Hook');
INSERT INTO Episodes VALUES ('tt0043228', 3, 17, 'The Baker of Barnbury');
INSERT INTO Episodes VALUES ('tt0043228', 5, 42, 'The Bankmouse');
INSERT INTO Episodes VALUES ('tt0043228', 4, 7, 'The Best of Everything');
INSERT INTO Episodes VALUES ('tt0043228', 5, 17, 'The Big Payday');
INSERT INTO Episodes VALUES ('tt0043228', 6, 14, 'The Big Payoff');
INSERT INTO Episodes VALUES ('tt0043228', 5, 29, 'The Bitter Land');
INSERT INTO Episodes VALUES ('tt0043228', 3, 42, 'The Black Mate');
INSERT INTO Episodes VALUES ('tt0043228', 6, 29, 'The Blue Hotel');
INSERT INTO Episodes VALUES ('tt0043228', 4, 34, 'The Brute Next Door');
INSERT INTO Episodes VALUES ('tt0043228', 5, 9, 'The Careless Cadet');
INSERT INTO Episodes VALUES ('tt0043228', 4, 51, 'The Case for the State');
INSERT INTO Episodes VALUES ('tt0043228', 3, 13, 'The Closed Door');
INSERT INTO Episodes VALUES ('tt0043228', 4, 18, 'The Cool One');
INSERT INTO Episodes VALUES ('tt0043228', 2, 36, 'The Copper Ring');
INSERT INTO Episodes VALUES ('tt0043228', 1, 19, 'The Daughter');
INSERT INTO Episodes VALUES ('tt0043228', 5, 18, 'The Day I Died');
INSERT INTO Episodes VALUES ('tt0043228', 6, 33, 'The Dead Are Silent');
INSERT INTO Episodes VALUES ('tt0043228', 2, 25, NULL);
INSERT INTO Episodes VALUES ('tt0043228', 4, 47, 'The Direct Approach');
INSERT INTO Episodes VALUES ('tt0043228', 2, 48, 'The Doctor Comes Home');
INSERT INTO Episodes VALUES ('tt0043228', 4, 17, 'The Dumbest Man in the Army');
INSERT INTO Episodes VALUES ('tt0043228', 3, 30, 'The Edge of Battle');
INSERT INTO Episodes VALUES ('tt0043228', 6, 18, 'The Enchanted');
INSERT INTO Episodes VALUES ('tt0043228', 5, 27, 'The Finger of God');
INSERT INTO Episodes VALUES ('tt0043228', 3, 47, NULL);
INSERT INTO Episodes VALUES ('tt0043228', 5, 19, 'The Gentle Stranger');
INSERT INTO Episodes VALUES ('tt0043228', 2, 39, 'The Girl That I Married');
INSERT INTO Episodes VALUES ('tt0043228', 5, 4, 'The Girl Who Scared Men Off');
INSERT INTO Episodes VALUES ('tt0043228', 6, 25, 'The Girl in the Grass');
INSERT INTO Episodes VALUES ('tt0043228', 2, 31, 'The Governess');
INSERT INTO Episodes VALUES ('tt0043228', 3, 27, 'The Great Lady');
INSERT INTO Episodes VALUES ('tt0043228', 5, 41, 'The Happy Sun');
INSERT INTO Episodes VALUES ('tt0043228', 8, 2, 'The Hasty Hanging');
INSERT INTO Episodes VALUES ('tt0043228', 1, 23, 'The Haunted Heart');
INSERT INTO Episodes VALUES ('tt0043228', 7, 9, 'The Hole Card');
INSERT INTO Episodes VALUES ('tt0043228', 7, 25, 'The Honor System');
INSERT INTO Episodes VALUES ('tt0043228', 1, 40, 'The House of Death');
INSERT INTO Episodes VALUES ('tt0043228', 2, 11, 'The House of Pride');
INSERT INTO Episodes VALUES ('tt0043228', 6, 2, 'The House That Jackson Built');
INSERT INTO Episodes VALUES ('tt0043228', 1, 25, 'The Human Touch');
INSERT INTO Episodes VALUES ('tt0043228', 2, 46, 'The Journey');
INSERT INTO Episodes VALUES ('tt0043228', 7, 31, 'The Kind Mr. Smith');
INSERT INTO Episodes VALUES ('tt0043228', 6, 15, 'The Lady Was a Flop');
INSERT INTO Episodes VALUES ('tt0043228', 5, 1, 'The Last Out');
INSERT INTO Episodes VALUES ('tt0043228', 4, 22, 'The Last Pilot Schooner');
INSERT INTO Episodes VALUES ('tt0043228', 2, 43, 'The Ledge');
INSERT INTO Episodes VALUES ('tt0043228', 6, 9, 'The Letter');
INSERT INTO Episodes VALUES ('tt0043228', 7, 10, 'The Lonely Wizard');
INSERT INTO Episodes VALUES ('tt0043228', 3, 6, 'The Long Shot');
INSERT INTO Episodes VALUES ('tt0043228', 4, 11, 'The Long Trail');
INSERT INTO Episodes VALUES ('tt0043228', 1, 5, 'The Lucky Touch');
INSERT INTO Episodes VALUES ('tt0043228', 1, 16, 'The Man That I Marry');
INSERT INTO Episodes VALUES ('tt0043228', 3, 43, NULL);
INSERT INTO Episodes VALUES ('tt0043228', 8, 11, 'The Man Who Had No Friends');
INSERT INTO Episodes VALUES ('tt0043228', 2, 2, 'The Marriage of Lit-Lit');
INSERT INTO Episodes VALUES ('tt0043228', 5, 40, 'The Mechanical Cook');
INSERT INTO Episodes VALUES ('tt0043228', 1, 7, 'The Memories of Aimee Durant');
INSERT INTO Episodes VALUES ('tt0043228', 2, 32, 'The Mirror');
INSERT INTO Episodes VALUES ('tt0043228', 5, 30, 'The Mysterious Cargo');
INSERT INTO Episodes VALUES ('tt0043228', 1, 2, 'The Name Is Bellingham');
INSERT INTO Episodes VALUES ('tt0043228', 4, 5, 'The Net Draws Tight');
INSERT INTO Episodes VALUES ('tt0043228', 6, 7, 'The Night They Won the Oscar');
INSERT INTO Episodes VALUES ('tt0043228', 1, 10, 'The Nymph and the Lamp');
INSERT INTO Episodes VALUES ('tt0043228', 4, 43, 'The Ordeal of Dr. Sutton');
INSERT INTO Episodes VALUES ('tt0043228', 3, 37, 'The Pearl Street Incident');
INSERT INTO Episodes VALUES ('tt0043228', 3, 1, 'The Perfect Secretary');
INSERT INTO Episodes VALUES ('tt0043228', 4, 3, 'The Pipe');
INSERT INTO Episodes VALUES ('tt0043228', 2, 16, 'The Playwright');
INSERT INTO Episodes VALUES ('tt0043228', 3, 32, 'The Plugged Nickel');
INSERT INTO Episodes VALUES ('tt0043228', 5, 50, 'The Press Agent');
INSERT INTO Episodes VALUES ('tt0043228', 3, 5, 'The Prize');
INSERT INTO Episodes VALUES ('tt0043228', 2, 12, NULL);
INSERT INTO Episodes VALUES ('tt0043228', 4, 55, 'The Quitter');
INSERT INTO Episodes VALUES ('tt0043228', 6, 27, 'The Restless Gun');
INSERT INTO Episodes VALUES ('tt0043228', 3, 49, 'The Roman and the Renegade');
INSERT INTO Episodes VALUES ('tt0043228', 5, 36, 'The Roustabout');
INSERT INTO Episodes VALUES ('tt0043228', 8, 15, 'The Rumor');
INSERT INTO Episodes VALUES ('tt0043228', 3, 9, 'The Soil');
INSERT INTO Episodes VALUES ('tt0043228', 8, 14, 'The Salted Mine');
INSERT INTO Episodes VALUES ('tt0043228', 4, 23, 'The Schoolmarm');
INSERT INTO Episodes VALUES ('tt0043228', 4, 1, 'The Secret');
INSERT INTO Episodes VALUES ('tt0043228', 4, 8, 'The Sensation Club');
INSERT INTO Episodes VALUES ('tt0043228', 6, 36, 'The Sword');
INSERT INTO Episodes VALUES ('tt0043228', 7, 33, 'The Town That Slept with the Lights On');
INSERT INTO Episodes VALUES ('tt0043228', 6, 32, 'The Traveling Corpse');
INSERT INTO Episodes VALUES ('tt0043228', 3, 41, 'The Treasure of Santo Domingo');
INSERT INTO Episodes VALUES ('tt0043228', 2, 4, 'The Trail');
INSERT INTO Episodes VALUES ('tt0043228', 6, 3, 'The Trophy');
INSERT INTO Episodes VALUES ('tt0043228', 8, 3, 'The Trouble with Ruth');
INSERT INTO Episodes VALUES ('tt0043228', 4, 53, 'The Uninhibited Female');
INSERT INTO Episodes VALUES ('tt0043228', 2, 19, 'The Unopened Letter');
INSERT INTO Episodes VALUES ('tt0043228', 4, 4, 'The Viking');
INSERT INTO Episodes VALUES ('tt0043228', 1, 39, 'The Von Linden File');
INSERT INTO Episodes VALUES ('tt0043228', 5, 26, 'The Waiting House');
INSERT INTO Episodes VALUES ('tt0043228', 4, 24, 'The Way to Freedom');
INSERT INTO Episodes VALUES ('tt0043228', 6, 22, 'The Wedding Present');
INSERT INTO Episodes VALUES ('tt0043228', 3, 40, 'The Whale on the Beach');
INSERT INTO Episodes VALUES ('tt0043228', 2, 15, 'The White Cream Pitcher');
INSERT INTO Episodes VALUES ('tt0043228', 2, 41, 'The Widow Makes Three');
INSERT INTO Episodes VALUES ('tt0043228', 5, 25, 'The Young and the Brave');
INSERT INTO Episodes VALUES ('tt0043228', 8, 6, 'Third Son');
INSERT INTO Episodes VALUES ('tt0043228', 2, 7, 'This Plane for Hire');
INSERT INTO Episodes VALUES ('tt0043228', 7, 1, 'Three Dollar Bill');
INSERT INTO Episodes VALUES ('tt0043228', 4, 52, 'Three Months to Remember');
INSERT INTO Episodes VALUES ('tt0043228', 4, 48, 'Too Late to Run');
INSERT INTO Episodes VALUES ('tt0043228', 4, 36, 'Too Many Nelsons');
INSERT INTO Episodes VALUES ('tt0043228', 5, 20, 'Top Man');
INSERT INTO Episodes VALUES ('tt0043228', 5, 52, 'Top Secret');
INSERT INTO Episodes VALUES ('tt0043228', 4, 30, 'Tourists--Overnight');
INSERT INTO Episodes VALUES ('tt0043228', 6, 16, 'Tower Room 14-A');
INSERT INTO Episodes VALUES ('tt0043228', 2, 6, 'Trouble in Pier Twelve');
INSERT INTO Episodes VALUES ('tt0043228', 2, 40, 'Twenty-two Sycamore Road');
INSERT INTO Episodes VALUES ('tt0043228', 2, 52, 'Two Loves Have I');
INSERT INTO Episodes VALUES ('tt0043228', 7, 23, 'Two Lives Have I');
INSERT INTO Episodes VALUES ('tt0043228', 1, 9, 'Two Living and One Dead');
INSERT INTO Episodes VALUES ('tt0043228', 5, 3, 'Two-Bit Gangster');
INSERT INTO Episodes VALUES ('tt0043228', 4, 20, 'Underground');
INSERT INTO Episodes VALUES ('tt0043228', 2, 37, 'Vacation for Ginny');
INSERT INTO Episodes VALUES ('tt0043228', 4, 39, 'Visa for X');
INSERT INTO Episodes VALUES ('tt0043228', 4, 46, 'Visibility Zero');
INSERT INTO Episodes VALUES ('tt0043228', 4, 27, 'Visitor in the Night');
INSERT INTO Episodes VALUES ('tt0043228', 4, 13, 'Volturio Investigates');
INSERT INTO Episodes VALUES ('tt0043228', 6, 11, 'Washington Incident');
INSERT INTO Episodes VALUES ('tt0043228', 7, 35, 'Way of the West');
INSERT INTO Episodes VALUES ('tt0043228', 5, 39, 'Weapon of Courage');
INSERT INTO Episodes VALUES ('tt0043228', 5, 24, 'Web of Circumstance');
INSERT INTO Episodes VALUES ('tt0043228', 5, 14, 'Well of Anger');
INSERT INTO Episodes VALUES ('tt0043228', 4, 33, NULL);
INSERT INTO Episodes VALUES ('tt0043228', 4, 54, 'Wild Call');
INSERT INTO Episodes VALUES ('tt0043228', 5, 38, 'Witness to Condemn');
INSERT INTO Episodes VALUES ('tt0043228', 4, 15, 'Woman Expert');
INSERT INTO Episodes VALUES ('tt0043228', 1, 21, 'World So Wide');
INSERT INTO Episodes VALUES ('tt0043228', 8, 9, NULL);
INSERT INTO Episodes VALUES ('tt0043228', 7, 37, NULL);
INSERT INTO Episodes VALUES ('tt0043228', 6, 45, 'Always Open and Shut');
INSERT INTO Episodes VALUES ('tt0043228', 6, 8, 'Explosion');
INSERT INTO Episodes VALUES ('tt0043228', 7, 39, 'False Alarm');
INSERT INTO Episodes VALUES ('tt0043228', 7, 36, 'Long Distance');
INSERT INTO Episodes VALUES ('tt0043228', 6, 43, 'The Face of a Killer');
INSERT INTO Episodes VALUES ('tt0043228', 8, 18, 'Ballad to Die For');
INSERT INTO Episodes VALUES ('tt0043228', 8, 17, 'Cowboy Five Seven');
INSERT INTO Episodes VALUES ('tt0043228', 6, 4, NULL);
INSERT INTO Episodes VALUES ('tt0043228', 6, 44, NULL);
INSERT INTO Episodes VALUES ('tt0043228', 6, 6, NULL);
INSERT INTO Episodes VALUES ('tt0043228', 7, 3, NULL);
INSERT INTO Episodes VALUES ('tt0043228', 7, 4, NULL);
INSERT INTO Episodes VALUES ('tt0072562', 1, 1, 'Saturday Night Live: George Carlin/Billy Preston/Janis Ian');
INSERT INTO Episodes VALUES ('tt0072562', 1, 10, 'Buck Henry/Bill Withers, Toni Basil');
INSERT INTO Episodes VALUES ('tt0072562', 1, 11, 'Peter Cook & Dudley Moore/Neil Sedaka');
INSERT INTO Episodes VALUES ('tt0072562', 1, 12, 'Dick Cavett/Jimmy Cliff');
INSERT INTO Episodes VALUES ('tt0072562', 1, 13, 'Peter Boyle/Al Jarreau');
INSERT INTO Episodes VALUES ('tt0072562', 1, 14, 'Desi Arnaz/Desi Arnaz, Jr.');
INSERT INTO Episodes VALUES ('tt0072562', 1, 15, 'Jill Clayburgh/Leon Redbone/The Singing Idlers');
INSERT INTO Episodes VALUES ('tt0072562', 1, 16, 'Anthony Perkins/Betty Carter');
INSERT INTO Episodes VALUES ('tt0072562', 1, 17, 'Ron Nessen/Patti Smith Group');
INSERT INTO Episodes VALUES ('tt0072562', 1, 18, 'Raquel Welch/Phoebe Snow, John Sebastian');
INSERT INTO Episodes VALUES ('tt0072562', 1, 19, 'Madeline Kahn/Carly Simon');
INSERT INTO Episodes VALUES ('tt0072562', 1, 2, 'Paul Simon/Randy Newman/Phoebe Snow');
INSERT INTO Episodes VALUES ('tt0072562', 1, 20, 'Dyan Cannon/Leon & Mary Russell');
INSERT INTO Episodes VALUES ('tt0072562', 1, 21, 'Buck Henry/Gordon Lightfoot');
INSERT INTO Episodes VALUES ('tt0072562', 1, 22, 'Elliott Gould/Leon Redbone, Harlan Collins & Joyce Everson');
INSERT INTO Episodes VALUES ('tt0072562', 1, 23, 'Louise Lasser/Preservation Hall Jazz Band');
INSERT INTO Episodes VALUES ('tt0072562', 1, 24, 'Kris Kristofferson/Rita Coolidge');
INSERT INTO Episodes VALUES ('tt0072562', 1, 3, 'Rob Reiner');
INSERT INTO Episodes VALUES ('tt0072562', 1, 4, 'Candice Bergen/Esther Phillips');
INSERT INTO Episodes VALUES ('tt0072562', 1, 5, 'Robert Klein/ABBA, Loudon Wainwright III');
INSERT INTO Episodes VALUES ('tt0072562', 1, 6, 'Lily Tomlin');
INSERT INTO Episodes VALUES ('tt0072562', 1, 7, 'Richard Pryor/Gil Scott-Heron');
INSERT INTO Episodes VALUES ('tt0072562', 1, 8, 'Candice Bergen/Martha Reeves/The Stylistics');
INSERT INTO Episodes VALUES ('tt0072562', 1, 9, 'Elliott Gould/Anne Murray');
INSERT INTO Episodes VALUES ('tt0072562', 10, 1, 'Thompson Twins');
INSERT INTO Episodes VALUES ('tt0072562', 10, 10, 'Kathleen Turner/John Waite');
INSERT INTO Episodes VALUES ('tt0072562', 10, 11, 'Roy Scheider/Billy Ocean');
INSERT INTO Episodes VALUES ('tt0072562', 10, 12, 'Alex Karras/Tina Turner');
INSERT INTO Episodes VALUES ('tt0072562', 10, 13, 'Harry Anderson/Bryan Adams');
INSERT INTO Episodes VALUES ('tt0072562', 10, 14, 'Pamela Sue Martin/Power Station');
INSERT INTO Episodes VALUES ('tt0072562', 10, 15, 'SNL Film Festival');
INSERT INTO Episodes VALUES ('tt0072562', 10, 16, 'Mr. T and Hulk Hogan/The Commodores');
INSERT INTO Episodes VALUES ('tt0072562', 10, 17, 'Christopher Reeve/Santana');
INSERT INTO Episodes VALUES ('tt0072562', 10, 18, 'Howard Cosell/Greg Kihn');
INSERT INTO Episodes VALUES ('tt0072562', 10, 2, 'Bob Uecker/Peter Wolf');
INSERT INTO Episodes VALUES ('tt0072562', 10, 3, 'Jesse Jackson/Andrae Crouch, Wintley Phipps');
INSERT INTO Episodes VALUES ('tt0072562', 10, 4, 'Michael McKean/Chaka Khan/The Folksmen');
INSERT INTO Episodes VALUES ('tt0072562', 10, 5, 'George Carlin/Frankie Goes to Hollywood');
INSERT INTO Episodes VALUES ('tt0072562', 10, 6, 'Ed Asner/The Kinks');
INSERT INTO Episodes VALUES ('tt0072562', 10, 7, 'Ed Begley Jr/Billy Squier');
INSERT INTO Episodes VALUES ('tt0072562', 10, 8, 'Ringo Starr/Herbie Hancock');
INSERT INTO Episodes VALUES ('tt0072562', 10, 9, 'Eddie Murphy/Robert Plant & The Honeydrippers');
INSERT INTO Episodes VALUES ('tt0072562', 11, 1, 'Madonna/Simple Minds');
INSERT INTO Episodes VALUES ('tt0072562', 11, 10, 'Jerry Hall/Stevie Ray Vaughan/Jimmie Vaughan');
INSERT INTO Episodes VALUES ('tt0072562', 11, 11, 'Jay Leno/The Neville Brothers');
INSERT INTO Episodes VALUES ('tt0072562', 11, 12, 'Griffin Dunne/Rosanne Cash');
INSERT INTO Episodes VALUES ('tt0072562', 11, 13, 'George Wendt and Francis Ford Coppola/Philip Glass');
INSERT INTO Episodes VALUES ('tt0072562', 11, 14, 'Oprah Winfrey/Joe Jackson');
INSERT INTO Episodes VALUES ('tt0072562', 11, 15, 'Tony Danza/Laurie Anderson');
INSERT INTO Episodes VALUES ('tt0072562', 11, 16, 'Catherine Oxenberg and Paul Simon/Ladysmith Black Mambazo');
INSERT INTO Episodes VALUES ('tt0072562', 11, 17, 'Jimmy Breslin and Marvin Hagler/Level 42/E.G. Daily');
INSERT INTO Episodes VALUES ('tt0072562', 11, 18, 'Anjelica Huston and Billy Martin/George Clinton & Parliament-Funkadelic');
INSERT INTO Episodes VALUES ('tt0072562', 11, 2, 'Chevy Chase/Sheila E.');
INSERT INTO Episodes VALUES ('tt0072562', 11, 3, 'Pee Wee Herman/Queen Ida & The Bon Temps Zydeco Band');
INSERT INTO Episodes VALUES ('tt0072562', 11, 4, 'John Lithgow/Mr. Mister');
INSERT INTO Episodes VALUES ('tt0072562', 11, 5, 'Tom Hanks/Sade');
INSERT INTO Episodes VALUES ('tt0072562', 11, 6, 'Teri Garr/Dream Academy/The Cult');
INSERT INTO Episodes VALUES ('tt0072562', 11, 7, 'Harry Dean Stanton/The Replacements');
INSERT INTO Episodes VALUES ('tt0072562', 11, 8, 'Dudley Moore/Al Green');
INSERT INTO Episodes VALUES ('tt0072562', 11, 9, 'Ron Reagan/The Nelsons');
INSERT INTO Episodes VALUES ('tt0072562', 12, 1, 'Sigourney Weaver/Buster Poindexter');
INSERT INTO Episodes VALUES ('tt0072562', 12, 10, 'Paul Shaffer/Bruce Hornsby & The Range');
INSERT INTO Episodes VALUES ('tt0072562', 12, 11, 'Bronson Pinchot/Paul Young');
INSERT INTO Episodes VALUES ('tt0072562', 12, 12, 'Willie Nelson');
INSERT INTO Episodes VALUES ('tt0072562', 12, 13, 'Valerie Bertinelli/Robert Cray Band');
INSERT INTO Episodes VALUES ('tt0072562', 12, 14, 'Bill Murray/Percy Sledge');
INSERT INTO Episodes VALUES ('tt0072562', 12, 15, 'Charlton Heston/Wynton Marsalis');
INSERT INTO Episodes VALUES ('tt0072562', 12, 16, 'John Lithgow/Anita Baker');
INSERT INTO Episodes VALUES ('tt0072562', 12, 17, 'John Larroquette/Timbuk-3');
INSERT INTO Episodes VALUES ('tt0072562', 12, 18, 'Mark Harmon/Suzanne Vega');
INSERT INTO Episodes VALUES ('tt0072562', 12, 19, 'Garry Shandling/Los Lobos');
INSERT INTO Episodes VALUES ('tt0072562', 12, 2, 'Malcolm-Jamal Warner/Run-DMC');
INSERT INTO Episodes VALUES ('tt0072562', 12, 20, 'Dennis Hopper/Roy Orbison');
INSERT INTO Episodes VALUES ('tt0072562', 12, 3, 'Rosanna Arquette/Ric Ocasek');
INSERT INTO Episodes VALUES ('tt0072562', 12, 4, 'Sam Kinison/Lou Reed');
INSERT INTO Episodes VALUES ('tt0072562', 12, 5, 'Robin Williams/Paul Simon');
INSERT INTO Episodes VALUES ('tt0072562', 12, 6, 'Chevy Chase/Steve Martin/Martin Short/Randy Newman');
INSERT INTO Episodes VALUES ('tt0072562', 12, 7, 'Steve Guttenberg/The Pretenders');
INSERT INTO Episodes VALUES ('tt0072562', 12, 8, 'William Shatner/Lone Justice');
INSERT INTO Episodes VALUES ('tt0072562', 12, 9, 'Walter Payton & Joe Montana/Debbie Harry');
INSERT INTO Episodes VALUES ('tt0072562', 13, 1, 'Steve Martin/Sting');
INSERT INTO Episodes VALUES ('tt0072562', 13, 10, 'Carl Weathers/Robbie Robertson');
INSERT INTO Episodes VALUES ('tt0072562', 13, 11, NULL);
INSERT INTO Episodes VALUES ('tt0072562', 13, 12, 'Tom Hanks/Randy Travis');
INSERT INTO Episodes VALUES ('tt0072562', 13, 13, 'Judge Reinhold/10,000 Maniacs');
INSERT INTO Episodes VALUES ('tt0072562', 13, 2, 'Sean Penn/L.L. Cool J/The Pull');
INSERT INTO Episodes VALUES ('tt0072562', 13, 3, 'Dabney Coleman/The Cars');
INSERT INTO Episodes VALUES ('tt0072562', 13, 4, 'Robert Mitchum/Simply Red');
INSERT INTO Episodes VALUES ('tt0072562', 13, 5, 'Candice Bergen/Cher');
INSERT INTO Episodes VALUES ('tt0072562', 13, 6, 'Danny DeVito/Bryan Ferry');
INSERT INTO Episodes VALUES ('tt0072562', 13, 7, 'Angie Dickinson/Buster Poindexter/David Gilmour');
INSERT INTO Episodes VALUES ('tt0072562', 13, 8, 'Paul Simon/Linda Ronstadt');
INSERT INTO Episodes VALUES ('tt0072562', 13, 9, 'Robin Williams/James Taylor');
INSERT INTO Episodes VALUES ('tt0072562', 14, 1, 'Tom Hanks/Keith Richards');
INSERT INTO Episodes VALUES ('tt0072562', 14, 10, 'John Malkovich/Anita Baker');
INSERT INTO Episodes VALUES ('tt0072562', 14, 11, 'Tony Danza/John Hiatt');
INSERT INTO Episodes VALUES ('tt0072562', 14, 12, 'Ted Danson/Luther Vandross');
INSERT INTO Episodes VALUES ('tt0072562', 14, 13, 'Leslie Nielsen/Cowboy Junkies');
INSERT INTO Episodes VALUES ('tt0072562', 14, 14, 'Glenn Close/Gipsy Kings');
INSERT INTO Episodes VALUES ('tt0072562', 14, 15, 'Mary Tyler Moore/Elvis Costello');
INSERT INTO Episodes VALUES ('tt0072562', 14, 16, 'Mel Gibson/Living Colour');
INSERT INTO Episodes VALUES ('tt0072562', 14, 17, 'Dolly Parton');
INSERT INTO Episodes VALUES ('tt0072562', 14, 18, 'Geena Davis/John Mellencamp');
INSERT INTO Episodes VALUES ('tt0072562', 14, 19, 'Wayne Gretzky/Fine Young Cannibals');
INSERT INTO Episodes VALUES ('tt0072562', 14, 2, 'Matthew Broderick/The Sugarcubes');
INSERT INTO Episodes VALUES ('tt0072562', 14, 20, 'Steve Martin/Tom Petty & The Heartbreakers');
INSERT INTO Episodes VALUES ('tt0072562', 14, 3, 'John Larroquette/Randy Newman & Mark Knopfler');
INSERT INTO Episodes VALUES ('tt0072562', 14, 4, 'Matthew Modine/Edie Brickell & New Bohemians');
INSERT INTO Episodes VALUES ('tt0072562', 14, 5, 'Demi Moore/Johnny Clegg & Savuka');
INSERT INTO Episodes VALUES ('tt0072562', 14, 6, 'John Lithgow/Tracy Chapman');
INSERT INTO Episodes VALUES ('tt0072562', 14, 7, 'Danny DeVito/The Bangles');
INSERT INTO Episodes VALUES ('tt0072562', 14, 8, 'Kevin Kline/Bobby McFerrin');
INSERT INTO Episodes VALUES ('tt0072562', 14, 9, 'Melanie Griffith/Little Feat');
INSERT INTO Episodes VALUES ('tt0072562', 15, 1, 'Bruce Willis/Neil Young');
INSERT INTO Episodes VALUES ('tt0072562', 15, 10, NULL);
INSERT INTO Episodes VALUES ('tt0072562', 15, 11, 'Christopher Walken/Bonnie Raitt');
INSERT INTO Episodes VALUES ('tt0072562', 15, 12, 'Quincy Jones & Co.');
INSERT INTO Episodes VALUES ('tt0072562', 15, 13, 'Tom Hanks/Aerosmith');
INSERT INTO Episodes VALUES ('tt0072562', 15, 14, 'Fred Savage/Technotronic');
INSERT INTO Episodes VALUES ('tt0072562', 15, 15, 'Rob Lowe/The Pogues');
INSERT INTO Episodes VALUES ('tt0072562', 15, 16, 'Debra Winger/Eric Clapton');
INSERT INTO Episodes VALUES ('tt0072562', 15, 17, 'Corbin Bernsen/The Smithereens');
INSERT INTO Episodes VALUES ('tt0072562', 15, 18, NULL);
INSERT INTO Episodes VALUES ('tt0072562', 15, 19, 'Andrew Dice Clay/Julee Cruise/Spanic Boys');
INSERT INTO Episodes VALUES ('tt0072562', 15, 2, 'Rick Moranis/Rickie Lee Jones');
INSERT INTO Episodes VALUES ('tt0072562', 15, 20, 'Candice Bergen/The Notting Hillbillies');
INSERT INTO Episodes VALUES ('tt0072562', 15, 3, 'Kathleen Turner/Billy Joel');
INSERT INTO Episodes VALUES ('tt0072562', 15, 4, 'James Woods/Don Henley');
INSERT INTO Episodes VALUES ('tt0072562', 15, 5, 'Chris Evert/Eurythmics');
INSERT INTO Episodes VALUES ('tt0072562', 15, 6, 'Woody Harrelson/David Byrne');
INSERT INTO Episodes VALUES ('tt0072562', 15, 7, 'John Goodman/k.d. lang');
INSERT INTO Episodes VALUES ('tt0072562', 15, 8, 'Robert Wagner/Linda Ronstadt & Aaron Neville');
INSERT INTO Episodes VALUES ('tt0072562', 15, 9, 'Andie MacDowell/Tracy Chapman');
INSERT INTO Episodes VALUES ('tt0072562', 16, 1, NULL);
INSERT INTO Episodes VALUES ('tt0072562', 16, 10, 'Joe Mantegna/Vanilla Ice');
INSERT INTO Episodes VALUES ('tt0072562', 16, 11, 'Sting');
INSERT INTO Episodes VALUES ('tt0072562', 16, 12, 'Kevin Bacon/INXS');
INSERT INTO Episodes VALUES ('tt0072562', 16, 13, 'Roseanne Barr/Deee-lite');
INSERT INTO Episodes VALUES ('tt0072562', 16, 14, 'Alec Baldwin/Whitney Houston');
INSERT INTO Episodes VALUES ('tt0072562', 16, 15, 'Michael J. Fox/Black Crowes');
INSERT INTO Episodes VALUES ('tt0072562', 16, 16, 'Jeremy Irons/Fishbone');
INSERT INTO Episodes VALUES ('tt0072562', 16, 17, NULL);
INSERT INTO Episodes VALUES ('tt0072562', 16, 18, 'Steven Seagal/Michael Bolton');
INSERT INTO Episodes VALUES ('tt0072562', 16, 19, 'Delta Burke/Chris Isaak');
INSERT INTO Episodes VALUES ('tt0072562', 16, 2, 'Susan Lucci/Hothouse Flowers');
INSERT INTO Episodes VALUES ('tt0072562', 16, 20, 'George Wendt/Elvis Costello');
INSERT INTO Episodes VALUES ('tt0072562', 16, 3, 'George Steinbrenner/The Time');
INSERT INTO Episodes VALUES ('tt0072562', 16, 4, 'Patrick Swayze/Mariah Carey');
INSERT INTO Episodes VALUES ('tt0072562', 16, 5, 'Jimmy Smits/World Party');
INSERT INTO Episodes VALUES ('tt0072562', 16, 6, 'Dennis Hopper/Paul Simon');
INSERT INTO Episodes VALUES ('tt0072562', 16, 7, 'John Goodman/Faith No More');
INSERT INTO Episodes VALUES ('tt0072562', 16, 8, 'Tom Hanks/Edie Brickell & New Bohemians');
INSERT INTO Episodes VALUES ('tt0072562', 16, 9, 'Dennis Quaid/The Neville Brothers');
INSERT INTO Episodes VALUES ('tt0072562', 17, 1, 'Michael Jordan/Public Enemy');
INSERT INTO Episodes VALUES ('tt0072562', 17, 10, 'Rob Morrow/Nirvana');
INSERT INTO Episodes VALUES ('tt0072562', 17, 11, 'Chevy Chase/Robbie Robertson');
INSERT INTO Episodes VALUES ('tt0072562', 17, 12, 'Susan Dey/C+C Music Factory');
INSERT INTO Episodes VALUES ('tt0072562', 17, 13, 'Jason Priestley/Teenage Fanclub');
INSERT INTO Episodes VALUES ('tt0072562', 17, 14, 'Roseanne & Tom Arnold/Red Hot Chili Peppers');
INSERT INTO Episodes VALUES ('tt0072562', 17, 15, 'John Goodman/Garth Brooks');
INSERT INTO Episodes VALUES ('tt0072562', 17, 16, 'Mary Stuart Masterson/En Vogue');
INSERT INTO Episodes VALUES ('tt0072562', 17, 17, 'Sharon Stone/Pearl Jam');
INSERT INTO Episodes VALUES ('tt0072562', 17, 18, 'Jerry Seinfeld/Annie Lennox');
INSERT INTO Episodes VALUES ('tt0072562', 17, 19, 'Tom Hanks/Bruce Springsteen');
INSERT INTO Episodes VALUES ('tt0072562', 17, 2, 'Jeff Daniels/Color Me Badd');
INSERT INTO Episodes VALUES ('tt0072562', 17, 20, 'Woody Harrelson/Vanessa Williams');
INSERT INTO Episodes VALUES ('tt0072562', 17, 3, 'Kirstie Alley/Tom Petty & The Heartbreakers');
INSERT INTO Episodes VALUES ('tt0072562', 17, 4, 'Christian Slater/Bonnie Raitt');
INSERT INTO Episodes VALUES ('tt0072562', 17, 5, 'Kiefer Sutherland/Skid Row');
INSERT INTO Episodes VALUES ('tt0072562', 17, 6, 'Linda Hamilton/Mariah Carey');
INSERT INTO Episodes VALUES ('tt0072562', 17, 7, 'Macaulay Culkin/Tin Machine');
INSERT INTO Episodes VALUES ('tt0072562', 17, 8, 'Hammer');
INSERT INTO Episodes VALUES ('tt0072562', 17, 9, 'Steve Martin/James Taylor');
INSERT INTO Episodes VALUES ('tt0072562', 18, 1, 'Nicolas Cage/Bobby Brown');
INSERT INTO Episodes VALUES ('tt0072562', 18, 10, 'Danny DeVito/Bon Jovi');
INSERT INTO Episodes VALUES ('tt0072562', 18, 11, 'Harvey Keitel/Madonna');
INSERT INTO Episodes VALUES ('tt0072562', 18, 12, 'Luke Perry/Mick Jagger');
INSERT INTO Episodes VALUES ('tt0072562', 18, 13, 'Alec Baldwin/Paul McCartney');
INSERT INTO Episodes VALUES ('tt0072562', 18, 14, 'Bill Murray/Sting');
INSERT INTO Episodes VALUES ('tt0072562', 18, 15, 'John Goodman/Mary J. Blige');
INSERT INTO Episodes VALUES ('tt0072562', 18, 16, 'Miranda Richardson/Soul Asylum');
INSERT INTO Episodes VALUES ('tt0072562', 18, 17, 'Jason Alexander/Peter Gabriel');
INSERT INTO Episodes VALUES ('tt0072562', 18, 18, 'Kirstie Alley/Lenny Kravitz');
INSERT INTO Episodes VALUES ('tt0072562', 18, 19, 'Christina Applegate/Midnight Oil');
INSERT INTO Episodes VALUES ('tt0072562', 18, 2, NULL);
INSERT INTO Episodes VALUES ('tt0072562', 18, 20, 'Kevin Kline/Willie Nelson & Paul Simon');
INSERT INTO Episodes VALUES ('tt0072562', 18, 3, 'Joe Pesci/Spin Doctors');
INSERT INTO Episodes VALUES ('tt0072562', 18, 4, 'Christopher Walken/Arrested Development');
INSERT INTO Episodes VALUES ('tt0072562', 18, 5, NULL);
INSERT INTO Episodes VALUES ('tt0072562', 18, 6, 'Michael Keaton/Morrissey');
INSERT INTO Episodes VALUES ('tt0072562', 18, 7, 'Sinbad/Sade');
INSERT INTO Episodes VALUES ('tt0072562', 18, 8, 'Tom Arnold/Neil Young');
INSERT INTO Episodes VALUES ('tt0072562', 18, 9, 'Glenn Close/Black Crowes');
INSERT INTO Episodes VALUES ('tt0072562', 19, 1, 'Charles Barkley/Nirvana');
INSERT INTO Episodes VALUES ('tt0072562', 19, 10, 'Jason Patric/Blind Melon');
INSERT INTO Episodes VALUES ('tt0072562', 19, 11, 'Sara Gilbert/Counting Crows');
INSERT INTO Episodes VALUES ('tt0072562', 19, 12, 'Patrick Stewart/Salt-N-Pepa');
INSERT INTO Episodes VALUES ('tt0072562', 19, 13, 'Alec Baldwin & Kim Basinger/UB40');
INSERT INTO Episodes VALUES ('tt0072562', 19, 14, 'Martin Lawrence/Crash Test Dummies');
INSERT INTO Episodes VALUES ('tt0072562', 19, 15, 'Nancy Kerrigan/Aretha Franklin');
INSERT INTO Episodes VALUES ('tt0072562', 19, 16, 'Helen Hunt/Snoop Doggy Dogg');
INSERT INTO Episodes VALUES ('tt0072562', 19, 17, 'Kelsey Grammer/Dwight Yoakam');
INSERT INTO Episodes VALUES ('tt0072562', 19, 18, 'Emilio Estevez/Pearl Jam');
INSERT INTO Episodes VALUES ('tt0072562', 19, 19, 'John Goodman/The Pretenders');
INSERT INTO Episodes VALUES ('tt0072562', 19, 2, 'Shannen Doherty/Cypress Hill');
INSERT INTO Episodes VALUES ('tt0072562', 19, 20, 'Heather Locklear/Janet Jackson');
INSERT INTO Episodes VALUES ('tt0072562', 19, 3, 'Jeff Goldblum/Aerosmith');
INSERT INTO Episodes VALUES ('tt0072562', 19, 4, 'John Malkovich/Billy Joel');
INSERT INTO Episodes VALUES ('tt0072562', 19, 5, 'Christian Slater/Smashing Pumpkins');
INSERT INTO Episodes VALUES ('tt0072562', 19, 6, NULL);
INSERT INTO Episodes VALUES ('tt0072562', 19, 7, 'Nicole Kidman/Stone Temple Pilots');
INSERT INTO Episodes VALUES ('tt0072562', 19, 8, 'Charlton Heston/Paul Westerberg');
INSERT INTO Episodes VALUES ('tt0072562', 19, 9, 'Sally Field/Tony! Toni! Tone!');
INSERT INTO Episodes VALUES ('tt0072562', 2, 1, 'Lily Tomlin/James Taylor');
INSERT INTO Episodes VALUES ('tt0072562', 2, 10, 'Candice Bergen/Frank Zappa');
INSERT INTO Episodes VALUES ('tt0072562', 2, 11, 'Ralph Nader/George Benson');
INSERT INTO Episodes VALUES ('tt0072562', 2, 12, 'Ruth Gordon/Chuck Berry');
INSERT INTO Episodes VALUES ('tt0072562', 2, 13, 'Fran Tarkenton/Leo Sayer, Donnie Harper and the Voices of Tomorrow');
INSERT INTO Episodes VALUES ('tt0072562', 2, 14, 'Live from Mardi Gras');
INSERT INTO Episodes VALUES ('tt0072562', 2, 15, 'Steve Martin/The Kinks');
INSERT INTO Episodes VALUES ('tt0072562', 2, 16, 'Sissy Spacek/Richard Baskin');
INSERT INTO Episodes VALUES ('tt0072562', 2, 17, 'Broderick Crawford/Levon Helm/Dr. John/The Meters');
INSERT INTO Episodes VALUES ('tt0072562', 2, 18, 'Jack Burns/Santana');
INSERT INTO Episodes VALUES ('tt0072562', 2, 19, 'Julian Bond/Tom Waits, Brick');
INSERT INTO Episodes VALUES ('tt0072562', 2, 2, 'Norman Lear/Boz Scaggs');
INSERT INTO Episodes VALUES ('tt0072562', 2, 20, 'Elliott Gould/Kate & Anna McGarrigle/Roslyn Kind');
INSERT INTO Episodes VALUES ('tt0072562', 2, 21, 'Eric Idle/Neil Innes');
INSERT INTO Episodes VALUES ('tt0072562', 2, 22, 'Shelley Duvall/Joan Armatrading');
INSERT INTO Episodes VALUES ('tt0072562', 2, 23, 'Buck Henry/Jennifer Warnes/Kenny Vance');
INSERT INTO Episodes VALUES ('tt0072562', 2, 3, 'Eric Idle/Joe Cocker/Stuff');
INSERT INTO Episodes VALUES ('tt0072562', 2, 4, 'Karen Black/John Prine');
INSERT INTO Episodes VALUES ('tt0072562', 2, 5, 'Steve Martin/Kinky Friedman');
INSERT INTO Episodes VALUES ('tt0072562', 2, 6, 'Buck Henry/The Band');
INSERT INTO Episodes VALUES ('tt0072562', 2, 7, 'Dick Cavett/Ry Cooder');
INSERT INTO Episodes VALUES ('tt0072562', 2, 8, 'Paul Simon/George Harrison');
INSERT INTO Episodes VALUES ('tt0072562', 2, 9, 'Jodie Foster/Brian Wilson');
INSERT INTO Episodes VALUES ('tt0072562', 20, 1, 'Steve Martin/Eric Clapton');
INSERT INTO Episodes VALUES ('tt0072562', 20, 10, 'Jeff Daniels/Luscious Jackson');
INSERT INTO Episodes VALUES ('tt0072562', 20, 11, 'David Hyde Pierce/Live');
INSERT INTO Episodes VALUES ('tt0072562', 20, 12, NULL);
INSERT INTO Episodes VALUES ('tt0072562', 20, 13, 'Deion Sanders/Bon Jovi');
INSERT INTO Episodes VALUES ('tt0072562', 20, 14, 'George Clooney/The Cranberries');
INSERT INTO Episodes VALUES ('tt0072562', 20, 15, 'Paul Reiser/Annie Lennox');
INSERT INTO Episodes VALUES ('tt0072562', 20, 16, 'John Goodman/Tragically Hip');
INSERT INTO Episodes VALUES ('tt0072562', 20, 17, 'Damon Wayans/Dionne Farris');
INSERT INTO Episodes VALUES ('tt0072562', 20, 18, 'Courteney Cox/Dave Matthews Band');
INSERT INTO Episodes VALUES ('tt0072562', 20, 19, 'Bob Saget/TLC');
INSERT INTO Episodes VALUES ('tt0072562', 20, 2, 'Marisa Tomei/Bonnie Raitt');
INSERT INTO Episodes VALUES ('tt0072562', 20, 20, 'David Duchovny/Rod Stewart');
INSERT INTO Episodes VALUES ('tt0072562', 20, 3, 'John Travolta/Seal');
INSERT INTO Episodes VALUES ('tt0072562', 20, 4, 'Dana Carvey/Edie Brickell');
INSERT INTO Episodes VALUES ('tt0072562', 20, 5, 'Sarah Jessica Parker/R.E.M.');
INSERT INTO Episodes VALUES ('tt0072562', 20, 6, 'John Turturro/Tom Petty & the Heartbreakers');
INSERT INTO Episodes VALUES ('tt0072562', 20, 7, 'Roseanne/Green Day');
INSERT INTO Episodes VALUES ('tt0072562', 20, 8, 'Alec Baldwin/Beastie Boys');
INSERT INTO Episodes VALUES ('tt0072562', 20, 9, 'George Foreman/Hole');
INSERT INTO Episodes VALUES ('tt0072562', 21, 1, 'Mariel Hemingway/Blues Traveler');
INSERT INTO Episodes VALUES ('tt0072562', 21, 10, 'Christopher Walken/Joan Osborne');
INSERT INTO Episodes VALUES ('tt0072562', 21, 11, 'Alec Baldwin/Tori Amos');
INSERT INTO Episodes VALUES ('tt0072562', 21, 12, 'Danny Aiello/Coolio');
INSERT INTO Episodes VALUES ('tt0072562', 21, 13, 'Tom Arnold/Tupac Shakur');
INSERT INTO Episodes VALUES ('tt0072562', 21, 14, 'Elle MacPherson/Sting');
INSERT INTO Episodes VALUES ('tt0072562', 21, 15, 'John Goodman/Everclear');
INSERT INTO Episodes VALUES ('tt0072562', 21, 16, 'Phil Hartman/Gin Blossoms');
INSERT INTO Episodes VALUES ('tt0072562', 21, 17, 'Steve Forbes/Rage Against the Machine');
INSERT INTO Episodes VALUES ('tt0072562', 21, 18, 'Teri Hatcher/Dave Matthews Band');
INSERT INTO Episodes VALUES ('tt0072562', 21, 19, 'Christine Baranski/The Cure');
INSERT INTO Episodes VALUES ('tt0072562', 21, 2, 'Chevy Chase/Lisa Loeb and Nine Stories');
INSERT INTO Episodes VALUES ('tt0072562', 21, 20, 'Jim Carrey/Soundgarden');
INSERT INTO Episodes VALUES ('tt0072562', 21, 3, 'David Schwimmer/Natalie Merchant');
INSERT INTO Episodes VALUES ('tt0072562', 21, 4, 'Gabriel Byrne/Alanis Morissette');
INSERT INTO Episodes VALUES ('tt0072562', 21, 5, 'Quentin Tarantino/Smashing Pumpkins');
INSERT INTO Episodes VALUES ('tt0072562', 21, 6, 'Laura Leighton/Rancid');
INSERT INTO Episodes VALUES ('tt0072562', 21, 7, 'Anthony Edwards/Foo Fighters');
INSERT INTO Episodes VALUES ('tt0072562', 21, 8, 'David Alan Grier/Silverchair');
INSERT INTO Episodes VALUES ('tt0072562', 21, 9, 'Madeline Kahn/Bush');
INSERT INTO Episodes VALUES ('tt0072562', 22, 1, 'Tom Hanks/Tom Petty & the Heartbreakers');
INSERT INTO Episodes VALUES ('tt0072562', 22, 10, 'Kevin Spacey/Beck');
INSERT INTO Episodes VALUES ('tt0072562', 22, 11, 'David Alan Grier/Snoop Doggy Dogg');
INSERT INTO Episodes VALUES ('tt0072562', 22, 12, 'Neve Campbell/David Bowie');
INSERT INTO Episodes VALUES ('tt0072562', 22, 13, 'Chevy Chase/Live');
INSERT INTO Episodes VALUES ('tt0072562', 22, 14, 'Alec Baldwin/Tina Turner');
INSERT INTO Episodes VALUES ('tt0072562', 22, 15, 'Sting/Veruca Salt');
INSERT INTO Episodes VALUES ('tt0072562', 22, 16, 'Mike Myers/Aerosmith');
INSERT INTO Episodes VALUES ('tt0072562', 22, 17, 'Rob Lowe/Spice Girls');
INSERT INTO Episodes VALUES ('tt0072562', 22, 18, 'Pamela Lee/Rollins Band');
INSERT INTO Episodes VALUES ('tt0072562', 22, 19, 'John Goodman/Jewel');
INSERT INTO Episodes VALUES ('tt0072562', 22, 2, 'Lisa Kudrow/Sheryl Crow');
INSERT INTO Episodes VALUES ('tt0072562', 22, 20, 'Jeff Goldblum/En Vogue');
INSERT INTO Episodes VALUES ('tt0072562', 22, 3, 'Bill Pullman/New Edition');
INSERT INTO Episodes VALUES ('tt0072562', 22, 4, 'Dana Carvey/Dr. Dre');
INSERT INTO Episodes VALUES ('tt0072562', 22, 5, 'Chris Rock/The Wallflowers');
INSERT INTO Episodes VALUES ('tt0072562', 22, 6, 'Robert Downey Jr/Fiona Apple');
INSERT INTO Episodes VALUES ('tt0072562', 22, 7, 'Phil Hartman/Bush');
INSERT INTO Episodes VALUES ('tt0072562', 22, 8, 'Martin Short/No Doubt');
INSERT INTO Episodes VALUES ('tt0072562', 22, 9, NULL);
INSERT INTO Episodes VALUES ('tt0072562', 23, 1, 'Sylvester Stallone/Jamiroquai');
INSERT INTO Episodes VALUES ('tt0072562', 23, 10, 'Samuel L. Jackson/Ben Folds Five');
INSERT INTO Episodes VALUES ('tt0072562', 23, 11, 'Sarah Michelle Gellar/Portishead');
INSERT INTO Episodes VALUES ('tt0072562', 23, 12, 'John Goodman/Paula Cole');
INSERT INTO Episodes VALUES ('tt0072562', 23, 13, NULL);
INSERT INTO Episodes VALUES ('tt0072562', 23, 14, 'Garth Brooks');
INSERT INTO Episodes VALUES ('tt0072562', 23, 15, 'Scott Wolf/Natalie Imbruglia');
INSERT INTO Episodes VALUES ('tt0072562', 23, 16, 'Julianne Moore/Backstreet Boys');
INSERT INTO Episodes VALUES ('tt0072562', 23, 17, 'Steve Buscemi/Third Eye Blind');
INSERT INTO Episodes VALUES ('tt0072562', 23, 18, 'Greg Kinnear/All Saints');
INSERT INTO Episodes VALUES ('tt0072562', 23, 19, 'Matthew Broderick/Natalie Merchant');
INSERT INTO Episodes VALUES ('tt0072562', 23, 2, 'Matthew Perry/Oasis');
INSERT INTO Episodes VALUES ('tt0072562', 23, 20, 'David Duchovny/Puff Daddy/Jimmy Page');
INSERT INTO Episodes VALUES ('tt0072562', 23, 3, NULL);
INSERT INTO Episodes VALUES ('tt0072562', 23, 4, 'Chris Farley/The Mighty Mighty Bosstones');
INSERT INTO Episodes VALUES ('tt0072562', 23, 5, NULL);
INSERT INTO Episodes VALUES ('tt0072562', 23, 6, 'Claire Danes/Mariah Carey');
INSERT INTO Episodes VALUES ('tt0072562', 23, 7, 'Mayor Rudy Giuliani/Sarah McLachlan');
INSERT INTO Episodes VALUES ('tt0072562', 23, 8, 'Nathan Lane/Metallica');
INSERT INTO Episodes VALUES ('tt0072562', 23, 9, 'Helen Hunt/Hanson');
INSERT INTO Episodes VALUES ('tt0072562', 24, 1, 'Cameron Diaz/Smashing Pumpkins');
INSERT INTO Episodes VALUES ('tt0072562', 24, 10, 'Bill Paxton/Beck');
INSERT INTO Episodes VALUES ('tt0072562', 24, 11, 'James Van Der Beek/Everlast');
INSERT INTO Episodes VALUES ('tt0072562', 24, 12, 'Gwyneth Paltrow/Barenaked Ladies');
INSERT INTO Episodes VALUES ('tt0072562', 24, 13, 'Brendan Fraser/Busta Rhymes featuring The Roots');
INSERT INTO Episodes VALUES ('tt0072562', 24, 14, 'Bill Murray/Lucinda Williams');
INSERT INTO Episodes VALUES ('tt0072562', 24, 15, 'Ray Romano/The Corrs');
INSERT INTO Episodes VALUES ('tt0072562', 24, 16, 'Drew Barrymore/Garbage');
INSERT INTO Episodes VALUES ('tt0072562', 24, 17, 'John Goodman/Tom Petty & The Heartbreakers');
INSERT INTO Episodes VALUES ('tt0072562', 24, 18, 'Cuba Gooding, Jr./Ricky Martin');
INSERT INTO Episodes VALUES ('tt0072562', 24, 19, 'Sarah Michelle Gellar/Backstreet Boys');
INSERT INTO Episodes VALUES ('tt0072562', 24, 2, 'Kelsey Grammer/Sheryl Crow');
INSERT INTO Episodes VALUES ('tt0072562', 24, 3, 'Lucy Lawless/Elliott Smith');
INSERT INTO Episodes VALUES ('tt0072562', 24, 4, 'Ben Stiller/Alanis Morrisette');
INSERT INTO Episodes VALUES ('tt0072562', 24, 5, 'David Spade/Eagle-Eye Cherry');
INSERT INTO Episodes VALUES ('tt0072562', 24, 6, 'Joan Allen/Jewel');
INSERT INTO Episodes VALUES ('tt0072562', 24, 7, 'Jennifer Love Hewitt/Beastie Boys');
INSERT INTO Episodes VALUES ('tt0072562', 24, 8, 'Vince Vaughn/Lauryn Hill');
INSERT INTO Episodes VALUES ('tt0072562', 24, 9, 'Alec Baldwin/Luciano Pavarotti, Vanessa Williams');
INSERT INTO Episodes VALUES ('tt0072562', 25, 1, 'Jerry Seinfeld/David Bowie');
INSERT INTO Episodes VALUES ('tt0072562', 25, 10, 'Freddie Prinze, Jr./Macy Gray');
INSERT INTO Episodes VALUES ('tt0072562', 25, 11, 'Alan Cumming/Jennifer Lopez');
INSERT INTO Episodes VALUES ('tt0072562', 25, 12, 'Julianna Margulies/DMX');
INSERT INTO Episodes VALUES ('tt0072562', 25, 13, 'Ben Affleck/Fiona Apple');
INSERT INTO Episodes VALUES ('tt0072562', 25, 14, 'Joshua Jackson/*NSYNC');
INSERT INTO Episodes VALUES ('tt0072562', 25, 15, 'The Rock/AC/DC');
INSERT INTO Episodes VALUES ('tt0072562', 25, 16, 'Christopher Walken/Christina Aguilera');
INSERT INTO Episodes VALUES ('tt0072562', 25, 17, 'Tobey Maguire/Sisqo');
INSERT INTO Episodes VALUES ('tt0072562', 25, 18, 'John Goodman/Neil Young');
INSERT INTO Episodes VALUES ('tt0072562', 25, 19, 'Britney Spears');
INSERT INTO Episodes VALUES ('tt0072562', 25, 2, 'Heather Graham/Marc Anthony');
INSERT INTO Episodes VALUES ('tt0072562', 25, 20, 'Jackie Chan/Kid Rock');
INSERT INTO Episodes VALUES ('tt0072562', 25, 3, 'Norm Macdonald/Dr. Dre featuring Snoop Dogg & Eminem');
INSERT INTO Episodes VALUES ('tt0072562', 25, 4, 'Dylan McDermott/Foo Fighters');
INSERT INTO Episodes VALUES ('tt0072562', 25, 5, 'Garth Brooks/Chris Gaines');
INSERT INTO Episodes VALUES ('tt0072562', 25, 6, 'Jennifer Aniston/Sting');
INSERT INTO Episodes VALUES ('tt0072562', 25, 7, 'Christina Ricci/Beck');
INSERT INTO Episodes VALUES ('tt0072562', 25, 8, 'Danny DeVito/R.E.M.');
INSERT INTO Episodes VALUES ('tt0072562', 25, 9, 'Jamie Foxx/Blink-182');
INSERT INTO Episodes VALUES ('tt0072562', 26, 1, 'Rob Lowe/Eminem');
INSERT INTO Episodes VALUES ('tt0072562', 26, 10, 'Mena Suvari/Lenny Kravitz');
INSERT INTO Episodes VALUES ('tt0072562', 26, 11, 'Jennifer Lopez');
INSERT INTO Episodes VALUES ('tt0072562', 26, 12, 'Sean Hayes/Shaggy');
INSERT INTO Episodes VALUES ('tt0072562', 26, 13, 'Katie Holmes/Dave Matthews Band');
INSERT INTO Episodes VALUES ('tt0072562', 26, 14, NULL);
INSERT INTO Episodes VALUES ('tt0072562', 26, 15, 'Julia Stiles/Aerosmith');
INSERT INTO Episodes VALUES ('tt0072562', 26, 16, 'Alec Baldwin/Coldplay');
INSERT INTO Episodes VALUES ('tt0072562', 26, 17, NULL);
INSERT INTO Episodes VALUES ('tt0072562', 26, 18, NULL);
INSERT INTO Episodes VALUES ('tt0072562', 26, 19, 'Lara Flynn Boyle/Bon Jovi');
INSERT INTO Episodes VALUES ('tt0072562', 26, 2, 'Kate Hudson/Radiohead');
INSERT INTO Episodes VALUES ('tt0072562', 26, 20, 'Christopher Walken/Weezer');
INSERT INTO Episodes VALUES ('tt0072562', 26, 3, 'Dana Carvey/The Wallflowers');
INSERT INTO Episodes VALUES ('tt0072562', 26, 4, 'Charlize Theron/Paul Simon');
INSERT INTO Episodes VALUES ('tt0072562', 26, 5, 'Calista Flockhart/Ricky Martin');
INSERT INTO Episodes VALUES ('tt0072562', 26, 6, 'Tom Green/David Gray');
INSERT INTO Episodes VALUES ('tt0072562', 26, 7, 'Val Kilmer/U2');
INSERT INTO Episodes VALUES ('tt0072562', 26, 8, 'Lucy Liu/Jay-Z');
INSERT INTO Episodes VALUES ('tt0072562', 26, 9, 'Charlie Sheen/Nelly Furtado');
INSERT INTO Episodes VALUES ('tt0072562', 27, 1, 'Reese Witherspoon/Alicia Keys');
INSERT INTO Episodes VALUES ('tt0072562', 27, 10, 'Josh Hartnett/Pink');
INSERT INTO Episodes VALUES ('tt0072562', 27, 11, 'Jack Black/The Strokes');
INSERT INTO Episodes VALUES ('tt0072562', 27, 12, 'Britney Spears');
INSERT INTO Episodes VALUES ('tt0072562', 27, 13, 'Jonny Moseley/Outkast');
INSERT INTO Episodes VALUES ('tt0072562', 27, 14, 'Jon Stewart/India.Arie');
INSERT INTO Episodes VALUES ('tt0072562', 27, 15, 'Ian McKellen/Kylie Minogue');
INSERT INTO Episodes VALUES ('tt0072562', 27, 16, 'Cameron Diaz/Jimmy Eat World');
INSERT INTO Episodes VALUES ('tt0072562', 27, 17, 'The Rock/Andrew W.K.');
INSERT INTO Episodes VALUES ('tt0072562', 27, 18, 'Alec Baldwin/P.O.D.');
INSERT INTO Episodes VALUES ('tt0072562', 27, 19, 'Kirsten Dunst/Eminem');
INSERT INTO Episodes VALUES ('tt0072562', 27, 2, 'Seann William Scott/Sum41');
INSERT INTO Episodes VALUES ('tt0072562', 27, 20, 'Winona Ryder/Moby');
INSERT INTO Episodes VALUES ('tt0072562', 27, 3, 'Drew Barrymore/Macy Gray');
INSERT INTO Episodes VALUES ('tt0072562', 27, 4, 'John Goodman/Ja Rule');
INSERT INTO Episodes VALUES ('tt0072562', 27, 5, 'Gwyneth Paltrow/Ryan Adams');
INSERT INTO Episodes VALUES ('tt0072562', 27, 6, 'Billy Bob Thornton/Creed');
INSERT INTO Episodes VALUES ('tt0072562', 27, 7, 'Derek Jeter/Shakira/Bubba Sparxxx');
INSERT INTO Episodes VALUES ('tt0072562', 27, 8, 'Hugh Jackman/Mick Jagger');
INSERT INTO Episodes VALUES ('tt0072562', 27, 9, 'Ellen Degeneres/No Doubt');
INSERT INTO Episodes VALUES ('tt0072562', 28, 1, 'Matt Damon/Bruce Springsteen & The E Street Band');
INSERT INTO Episodes VALUES ('tt0072562', 28, 10, 'Ray Liotta/The Donnas');
INSERT INTO Episodes VALUES ('tt0072562', 28, 11, 'Matthew McConaughey/Dixie Chicks');
INSERT INTO Episodes VALUES ('tt0072562', 28, 12, 'Jennifer Garner/Beck');
INSERT INTO Episodes VALUES ('tt0072562', 28, 13, 'Christopher Walken/Foo Fighters');
INSERT INTO Episodes VALUES ('tt0072562', 28, 14, 'Queen Latifah/Ms. Dynamite');
INSERT INTO Episodes VALUES ('tt0072562', 28, 15, 'Salma Hayek/Christina Aguilera');
INSERT INTO Episodes VALUES ('tt0072562', 28, 16, 'Bernie Mac/Good Charlotte');
INSERT INTO Episodes VALUES ('tt0072562', 28, 17, 'Ray Romano/Zwan');
INSERT INTO Episodes VALUES ('tt0072562', 28, 18, 'Ashton Kutcher/50 Cent');
INSERT INTO Episodes VALUES ('tt0072562', 28, 19, 'Adrien Brody/Sean Paul & Wayne Wonder');
INSERT INTO Episodes VALUES ('tt0072562', 28, 2, 'Sarah Michelle Gellar/Faith Hill');
INSERT INTO Episodes VALUES ('tt0072562', 28, 20, 'Dan Aykroyd/Beyonce');
INSERT INTO Episodes VALUES ('tt0072562', 28, 3, 'Senator John McCain/The White Stripes');
INSERT INTO Episodes VALUES ('tt0072562', 28, 4, 'Eric McCormack/Jay-Z');
INSERT INTO Episodes VALUES ('tt0072562', 28, 5, 'Nia Vardalos/Eve');
INSERT INTO Episodes VALUES ('tt0072562', 28, 6, 'Brittany Murphy/Nelly');
INSERT INTO Episodes VALUES ('tt0072562', 28, 7, 'Robert De Niro/Norah Jones');
INSERT INTO Episodes VALUES ('tt0072562', 28, 8, 'Al Gore/Phish');
INSERT INTO Episodes VALUES ('tt0072562', 28, 9, 'Jeff Gordon/Avril Lavigne');
INSERT INTO Episodes VALUES ('tt0072562', 29, 1, 'Jack Black/John Mayer');
INSERT INTO Episodes VALUES ('tt0072562', 29, 10, 'Jessica Simpson and Nick Lachey/G-Unit');
INSERT INTO Episodes VALUES ('tt0072562', 29, 11, 'Megan Mullally/Clay Aiken');
INSERT INTO Episodes VALUES ('tt0072562', 29, 12, 'Drew Barrymore/Kelis');
INSERT INTO Episodes VALUES ('tt0072562', 29, 13, 'Christina Aguilera/Maroon 5');
INSERT INTO Episodes VALUES ('tt0072562', 29, 14, 'Colin Firth/Norah Jones');
INSERT INTO Episodes VALUES ('tt0072562', 29, 15, 'Ben Affleck/N.E.R.D.');
INSERT INTO Episodes VALUES ('tt0072562', 29, 16, 'Donald Trump/Toots and the Maytals');
INSERT INTO Episodes VALUES ('tt0072562', 29, 17, 'Janet Jackson');
INSERT INTO Episodes VALUES ('tt0072562', 29, 18, 'Lindsay Lohan/Usher');
INSERT INTO Episodes VALUES ('tt0072562', 29, 19, 'Snoop Dogg/Avril Lavigne');
INSERT INTO Episodes VALUES ('tt0072562', 29, 2, 'Justin Timberlake');
INSERT INTO Episodes VALUES ('tt0072562', 29, 20, 'Mary-Kate & Ashley Olsen/J-Kwon');
INSERT INTO Episodes VALUES ('tt0072562', 29, 3, 'Halle Berry/Britney Spears');
INSERT INTO Episodes VALUES ('tt0072562', 29, 4, 'Kelly Ripa/Outkast');
INSERT INTO Episodes VALUES ('tt0072562', 29, 5, 'Andy Roddick/Dave Matthews');
INSERT INTO Episodes VALUES ('tt0072562', 29, 6, 'Alec Baldwin/Missy Elliott');
INSERT INTO Episodes VALUES ('tt0072562', 29, 7, 'Al Sharpton/Pink');
INSERT INTO Episodes VALUES ('tt0072562', 29, 8, 'Elijah Wood/Jet');
INSERT INTO Episodes VALUES ('tt0072562', 29, 9, 'Jennifer Aniston/Black Eyed Peas');
INSERT INTO Episodes VALUES ('tt0072562', 3, 1, 'Steve Martin/Jackson Browne');
INSERT INTO Episodes VALUES ('tt0072562', 3, 10, 'Robert Klein/Bonnie Raitt');
INSERT INTO Episodes VALUES ('tt0072562', 3, 11, 'Chevy Chase/Billy Joel');
INSERT INTO Episodes VALUES ('tt0072562', 3, 12, 'O.J. Simpson/Ashford & Simpson');
INSERT INTO Episodes VALUES ('tt0072562', 3, 13, 'Art Garfunkel/Stephen Bishop');
INSERT INTO Episodes VALUES ('tt0072562', 3, 14, 'Jill Clayburgh/Eddie Money');
INSERT INTO Episodes VALUES ('tt0072562', 3, 15, 'Christopher Lee/Meat Loaf');
INSERT INTO Episodes VALUES ('tt0072562', 3, 16, 'Michael Palin/Eugene Record');
INSERT INTO Episodes VALUES ('tt0072562', 3, 17, 'Michael Sarrazin/Keith Jarrett, Gravity');
INSERT INTO Episodes VALUES ('tt0072562', 3, 18, 'Steve Martin/The Blues Brothers');
INSERT INTO Episodes VALUES ('tt0072562', 3, 19, 'Richard Dreyfuss/Jimmy Buffett, Gary Tigerman');
INSERT INTO Episodes VALUES ('tt0072562', 3, 2, 'Madeline Kahn/Taj Mahal');
INSERT INTO Episodes VALUES ('tt0072562', 3, 20, 'Buck Henry/Sun Ra');
INSERT INTO Episodes VALUES ('tt0072562', 3, 3, 'Hugh Hefner/Libby Titus');
INSERT INTO Episodes VALUES ('tt0072562', 3, 4, 'Charles Grodin/Paul Simon');
INSERT INTO Episodes VALUES ('tt0072562', 3, 5, 'Ray Charles');
INSERT INTO Episodes VALUES ('tt0072562', 3, 6, 'Buck Henry/Leon Redbone');
INSERT INTO Episodes VALUES ('tt0072562', 3, 7, 'Mary Kay Place/Willie Nelson');
INSERT INTO Episodes VALUES ('tt0072562', 3, 8, 'Miskel Spillman/Elvis Costello');
INSERT INTO Episodes VALUES ('tt0072562', 3, 9, 'Steve Martin/Randy Newman/Nitty Gritty Dirt Band');
INSERT INTO Episodes VALUES ('tt0072562', 30, 1, 'Ben Affleck/Nelly');
INSERT INTO Episodes VALUES ('tt0072562', 30, 10, 'Paul Giamatti/Ludacris featuring Sum-41');
INSERT INTO Episodes VALUES ('tt0072562', 30, 11, 'Paris Hilton/Keane');
INSERT INTO Episodes VALUES ('tt0072562', 30, 12, 'Jason Bateman/Kelly Clarkson');
INSERT INTO Episodes VALUES ('tt0072562', 30, 13, 'Hilary Swank/50 Cent');
INSERT INTO Episodes VALUES ('tt0072562', 30, 14, 'David Spade/Jack Johnson');
INSERT INTO Episodes VALUES ('tt0072562', 30, 15, 'Ashton Kutcher/Gwen Stefani');
INSERT INTO Episodes VALUES ('tt0072562', 30, 16, 'Cameron Diaz/Green Day');
INSERT INTO Episodes VALUES ('tt0072562', 30, 17, 'Tom Brady/Beck');
INSERT INTO Episodes VALUES ('tt0072562', 30, 18, 'Johnny Knoxville/System of a Down');
INSERT INTO Episodes VALUES ('tt0072562', 30, 19, 'Will Ferrell/Queens of the Stone Age');
INSERT INTO Episodes VALUES ('tt0072562', 30, 2, 'Queen Latifah');
INSERT INTO Episodes VALUES ('tt0072562', 30, 20, 'Lindsay Lohan/Coldplay');
INSERT INTO Episodes VALUES ('tt0072562', 30, 3, 'Jude Law/Ashlee Simpson');
INSERT INTO Episodes VALUES ('tt0072562', 30, 4, 'Kate Winslet/Eminem');
INSERT INTO Episodes VALUES ('tt0072562', 30, 5, 'Liam Neeson/Modest Mouse');
INSERT INTO Episodes VALUES ('tt0072562', 30, 6, 'Luke Wilson/U2');
INSERT INTO Episodes VALUES ('tt0072562', 30, 7, 'Colin Farrell/Scissor Sisters');
INSERT INTO Episodes VALUES ('tt0072562', 30, 8, NULL);
INSERT INTO Episodes VALUES ('tt0072562', 30, 9, 'Topher Grace/The Killers');
INSERT INTO Episodes VALUES ('tt0072562', 31, 1, 'Steve Carell/Kanye West');
INSERT INTO Episodes VALUES ('tt0072562', 31, 10, 'Scarlett Johansson/Death Cab for Cutie');
INSERT INTO Episodes VALUES ('tt0072562', 31, 11, 'Peter Sarsgaard/The Strokes');
INSERT INTO Episodes VALUES ('tt0072562', 31, 12, 'Steve Martin/Prince');
INSERT INTO Episodes VALUES ('tt0072562', 31, 2, 'Jon Heder/Ashlee Simpson');
INSERT INTO Episodes VALUES ('tt0072562', 31, 3, 'Catherine Zeta-Jones/Franz Ferdinand');
INSERT INTO Episodes VALUES ('tt0072562', 31, 4, 'Lance Armstrong/Sheryl Crow');
INSERT INTO Episodes VALUES ('tt0072562', 31, 5, 'Jason Lee/Foo Fighters');
INSERT INTO Episodes VALUES ('tt0072562', 31, 6, 'Eva Longoria/Korn');
INSERT INTO Episodes VALUES ('tt0072562', 31, 7, 'Dane Cook/James Blunt');
INSERT INTO Episodes VALUES ('tt0072562', 31, 8, 'Alec Baldwin/Shakira');
INSERT INTO Episodes VALUES ('tt0072562', 31, 9, 'Jack Black/Neil Young');
INSERT INTO Episodes VALUES ('tt0072562', 4, 1, 'The Rolling Stones');
INSERT INTO Episodes VALUES ('tt0072562', 4, 10, 'Michael Palin/The Doobie Brothers');
INSERT INTO Episodes VALUES ('tt0072562', 4, 11, 'Cicely Tyson/Talking Heads');
INSERT INTO Episodes VALUES ('tt0072562', 4, 12, 'Ricky Nelson/Judy Collins');
INSERT INTO Episodes VALUES ('tt0072562', 4, 13, 'Kate Jackson/Delbert McClinton');
INSERT INTO Episodes VALUES ('tt0072562', 4, 14, 'Gary Busey/Eubie Blake and Gregory Hines');
INSERT INTO Episodes VALUES ('tt0072562', 4, 15, 'Margot Kidder/The Chieftains');
INSERT INTO Episodes VALUES ('tt0072562', 4, 16, 'Richard Benjamin/Rickie Lee Jones');
INSERT INTO Episodes VALUES ('tt0072562', 4, 17, 'Milton Berle/Ornette Coleman');
INSERT INTO Episodes VALUES ('tt0072562', 4, 18, 'Michael Palin/James Taylor');
INSERT INTO Episodes VALUES ('tt0072562', 4, 19, 'Maureen Stapleton/Linda Ronstadt/Phoebe Snow');
INSERT INTO Episodes VALUES ('tt0072562', 4, 2, 'Fred Willard/Devo');
INSERT INTO Episodes VALUES ('tt0072562', 4, 20, 'Buck Henry/Bette Midler');
INSERT INTO Episodes VALUES ('tt0072562', 4, 3, 'Frank Zappa');
INSERT INTO Episodes VALUES ('tt0072562', 4, 4, 'Steve Martin/Van Morrison');
INSERT INTO Episodes VALUES ('tt0072562', 4, 5, 'Buck Henry/The Grateful Dead');
INSERT INTO Episodes VALUES ('tt0072562', 4, 6, 'Carrie Fisher/The Blues Brothers');
INSERT INTO Episodes VALUES ('tt0072562', 4, 7, 'Walter Matthau');
INSERT INTO Episodes VALUES ('tt0072562', 4, 8, 'Eric Idle/Kate Bush');
INSERT INTO Episodes VALUES ('tt0072562', 4, 9, 'Elliott Gould/Peter Tosh');
INSERT INTO Episodes VALUES ('tt0072562', 5, 1, 'Steve Martin/Blondie');
INSERT INTO Episodes VALUES ('tt0072562', 5, 10, 'Chevy Chase/Marianne Faithfull');
INSERT INTO Episodes VALUES ('tt0072562', 5, 11, 'Elliott Gould/Gary Numan');
INSERT INTO Episodes VALUES ('tt0072562', 5, 12, 'Kirk Douglas/Sam and Dave');
INSERT INTO Episodes VALUES ('tt0072562', 5, 13, 'Rodney Dangerfield/The J. Geils Band');
INSERT INTO Episodes VALUES ('tt0072562', 5, 14, 'Paul Simon, James Taylor & David Sanborn');
INSERT INTO Episodes VALUES ('tt0072562', 5, 15, 'Richard Benjamin, Paula Prentiss/The Grateful Dead');
INSERT INTO Episodes VALUES ('tt0072562', 5, 16, 'Burt Reynolds/Anne Murray');
INSERT INTO Episodes VALUES ('tt0072562', 5, 17, 'Strother Martin/The Specials');
INSERT INTO Episodes VALUES ('tt0072562', 5, 18, 'Bob Newhart/The Amazing Rhythm Aces/Bruce Cockburn');
INSERT INTO Episodes VALUES ('tt0072562', 5, 19, 'Steve Martin/Paul & Linda McCartney/3-D');
INSERT INTO Episodes VALUES ('tt0072562', 5, 2, 'Eric Idle/Bob Dylan');
INSERT INTO Episodes VALUES ('tt0072562', 5, 20, 'Buck Henry/Andrew Gold/Andrae Crouch & Voices of Unity');
INSERT INTO Episodes VALUES ('tt0072562', 5, 3, 'Bill Russell/Chicago');
INSERT INTO Episodes VALUES ('tt0072562', 5, 4, 'Buck Henry/Tom Petty & The Heartbreakers');
INSERT INTO Episodes VALUES ('tt0072562', 5, 5, 'Bea Arthur/The Roches');
INSERT INTO Episodes VALUES ('tt0072562', 5, 6, 'Howard Hesseman/Randy Newman');
INSERT INTO Episodes VALUES ('tt0072562', 5, 7, 'Martin Sheen/David Bowie');
INSERT INTO Episodes VALUES ('tt0072562', 5, 8, 'Ted Knight/Desmond Child & Rouge');
INSERT INTO Episodes VALUES ('tt0072562', 5, 9, NULL);
INSERT INTO Episodes VALUES ('tt0072562', 6, 1, 'Elliott Gould/Kid Creole & the Coconuts');
INSERT INTO Episodes VALUES ('tt0072562', 6, 10, 'Deborah Harry');
INSERT INTO Episodes VALUES ('tt0072562', 6, 11, 'Charlene Tilton/Todd Rundgren/Prince');
INSERT INTO Episodes VALUES ('tt0072562', 6, 12, 'Bill Murray/Delbert McClinton');
INSERT INTO Episodes VALUES ('tt0072562', 6, 13, 'Jr. Walker & the All-Stars');
INSERT INTO Episodes VALUES ('tt0072562', 6, 2, 'Malcolm McDowell/Captain Beefheart & The Magic Band');
INSERT INTO Episodes VALUES ('tt0072562', 6, 3, 'Ellen Burstyn/Aretha Franklin/Keith Sykes');
INSERT INTO Episodes VALUES ('tt0072562', 6, 4, 'Jamie Lee Curtis/James Brown/Ellen Shipley');
INSERT INTO Episodes VALUES ('tt0072562', 6, 5, NULL);
INSERT INTO Episodes VALUES ('tt0072562', 6, 6, 'Ray Sharkey/Jack Bruce & Friends');
INSERT INTO Episodes VALUES ('tt0072562', 6, 7, 'Karen Black/Cheap Trick/Stanley Clarke Trio');
INSERT INTO Episodes VALUES ('tt0072562', 6, 8, NULL);
INSERT INTO Episodes VALUES ('tt0072562', 6, 9, 'Sally Kellerman/Jimmy Cliff');
INSERT INTO Episodes VALUES ('tt0072562', 7, 1, 'Rod Stewart');
INSERT INTO Episodes VALUES ('tt0072562', 7, 10, 'John Madden/Jennifer Holliday');
INSERT INTO Episodes VALUES ('tt0072562', 7, 11, 'James Coburn/Lindsey Buckingham & The Cholos');
INSERT INTO Episodes VALUES ('tt0072562', 7, 12, 'Bruce Dern/Luther Vandross');
INSERT INTO Episodes VALUES ('tt0072562', 7, 13, 'Elizabeth Ashley/Hall & Oates');
INSERT INTO Episodes VALUES ('tt0072562', 7, 14, 'Robert Urich/Mink DeVille');
INSERT INTO Episodes VALUES ('tt0072562', 7, 15, 'Blythe Danner/Rickie Lee Jones');
INSERT INTO Episodes VALUES ('tt0072562', 7, 16, 'Daniel J. Travanti/John Cougar');
INSERT INTO Episodes VALUES ('tt0072562', 7, 17, 'Johnny Cash/Elton John');
INSERT INTO Episodes VALUES ('tt0072562', 7, 18, 'Robert Culp/The Charlie Daniels Band');
INSERT INTO Episodes VALUES ('tt0072562', 7, 19, 'Danny DeVito/Sparks');
INSERT INTO Episodes VALUES ('tt0072562', 7, 2, 'Susan Saint James/The Kinks');
INSERT INTO Episodes VALUES ('tt0072562', 7, 20, 'Olivia Newton-John');
INSERT INTO Episodes VALUES ('tt0072562', 7, 3, 'George Kennedy/Miles Davis');
INSERT INTO Episodes VALUES ('tt0072562', 7, 4, 'Donald Pleasance/Fear');
INSERT INTO Episodes VALUES ('tt0072562', 7, 5, 'Lauren Hutton/Rick James & The Stone City Band');
INSERT INTO Episodes VALUES ('tt0072562', 7, 6, NULL);
INSERT INTO Episodes VALUES ('tt0072562', 7, 7, 'Tim Curry/Meat Loaf/The Neverland Express');
INSERT INTO Episodes VALUES ('tt0072562', 7, 8, 'Bill Murray/The Spinners/Yale Whiffenpoofs');
INSERT INTO Episodes VALUES ('tt0072562', 7, 9, 'Robert Conrad/The Allman Brothers Band');
INSERT INTO Episodes VALUES ('tt0072562', 8, 1, 'Chevy Chase/Queen');
INSERT INTO Episodes VALUES ('tt0072562', 8, 10, 'Lily Tomlin');
INSERT INTO Episodes VALUES ('tt0072562', 8, 11, 'Rick Moranis and Dave Thomas/The Bus Boys');
INSERT INTO Episodes VALUES ('tt0072562', 8, 12, 'Sid Caesar/Joe Cocker/Jennifer Warnes');
INSERT INTO Episodes VALUES ('tt0072562', 8, 13, 'Howard Hesseman/Tom Petty & The Heartbreakers');
INSERT INTO Episodes VALUES ('tt0072562', 8, 14, 'Beau and Jeff Bridges/Randy Newman');
INSERT INTO Episodes VALUES ('tt0072562', 8, 15, 'Bruce Dern/Leon Redbone');
INSERT INTO Episodes VALUES ('tt0072562', 8, 16, 'Robert Guilaume/Duran Duran');
INSERT INTO Episodes VALUES ('tt0072562', 8, 17, 'Joan Rivers/Musical Youth');
INSERT INTO Episodes VALUES ('tt0072562', 8, 18, 'Susan Saint James/Michael McDonald');
INSERT INTO Episodes VALUES ('tt0072562', 8, 19, 'Stevie Wonder');
INSERT INTO Episodes VALUES ('tt0072562', 8, 2, 'Louis Gossett Jr/George Thorogood & The Destroyers');
INSERT INTO Episodes VALUES ('tt0072562', 8, 20, NULL);
INSERT INTO Episodes VALUES ('tt0072562', 8, 3, 'Ron Howard/The Clash');
INSERT INTO Episodes VALUES ('tt0072562', 8, 4, 'Howard Hesseman/Men at Work');
INSERT INTO Episodes VALUES ('tt0072562', 8, 5, 'Michael Keaton/The New Joe Jackson Band');
INSERT INTO Episodes VALUES ('tt0072562', 8, 6, 'Robert Blake/Kenny Loggins');
INSERT INTO Episodes VALUES ('tt0072562', 8, 7, 'Drew Barrymore/Squeeze');
INSERT INTO Episodes VALUES ('tt0072562', 8, 8, 'The Smothers Brothers/Laura Branigan');
INSERT INTO Episodes VALUES ('tt0072562', 8, 9, 'Eddie Murphy/Lionel Richie');
INSERT INTO Episodes VALUES ('tt0072562', 9, 1, 'Brandon Tartikoff/John Cougar');
INSERT INTO Episodes VALUES ('tt0072562', 9, 10, 'Michael Palin and his mother/The Motels');
INSERT INTO Episodes VALUES ('tt0072562', 9, 11, 'Don Rickles/Billy Idol');
INSERT INTO Episodes VALUES ('tt0072562', 9, 12, 'Robin Williams/Adam Ant');
INSERT INTO Episodes VALUES ('tt0072562', 9, 13, 'Jamie Lee Curtis/The Fixx');
INSERT INTO Episodes VALUES ('tt0072562', 9, 14, 'Edwin Newman/Kool & The Gang');
INSERT INTO Episodes VALUES ('tt0072562', 9, 15, 'Billy Crystal/Al Jarreau');
INSERT INTO Episodes VALUES ('tt0072562', 9, 16, 'Michael Douglas/Deniece Williams');
INSERT INTO Episodes VALUES ('tt0072562', 9, 17, 'George McGovern/Madness');
INSERT INTO Episodes VALUES ('tt0072562', 9, 18, 'Barry Bostwick/Spinal Tap');
INSERT INTO Episodes VALUES ('tt0072562', 9, 19, 'Billy Crystal/Ed Koch/Edwin Newman/Father Guido Sarducci/Betty Thomas/The Cars');
INSERT INTO Episodes VALUES ('tt0072562', 9, 2, 'Danny DeVito & Rhea Pearlman/Eddy Grant');
INSERT INTO Episodes VALUES ('tt0072562', 9, 3, 'John Candy/Men at Work');
INSERT INTO Episodes VALUES ('tt0072562', 9, 4, 'Betty Thomas/Stray Cats');
INSERT INTO Episodes VALUES ('tt0072562', 9, 5, NULL);
INSERT INTO Episodes VALUES ('tt0072562', 9, 6, 'Jerry Lewis/Loverboy');
INSERT INTO Episodes VALUES ('tt0072562', 9, 7, 'The Smothers Brothers/Big Country');
INSERT INTO Episodes VALUES ('tt0072562', 9, 8, 'Flip Wilson/Stevie Nicks');
INSERT INTO Episodes VALUES ('tt0072562', 9, 9, 'Father Guido Sarducci/Huey Lewis & The News');
INSERT INTO Episodes VALUES ('tt0072562', 31, 13, 'Natalie Portman/Fall Out Boy');
INSERT INTO Episodes VALUES ('tt0072562', 31, 14, 'Matt Dillon/Arctic Monkeys');
INSERT INTO Episodes VALUES ('tt0072562', 31, 15, 'Antonio Banderas/Mary J. Blige');
INSERT INTO Episodes VALUES ('tt0072562', 31, 16, 'Lindsay Lohan/Pearl Jam');
INSERT INTO Episodes VALUES ('tt0072562', 31, 17, 'Tom Hanks/Red Hot Chili Peppers');
INSERT INTO Episodes VALUES ('tt0072562', 31, 18, 'Julia Louis-Dreyfus/Paul Simon');
INSERT INTO Episodes VALUES ('tt0072562', 31, 19, 'Kevin Spacey/Nelly Furtado');
INSERT INTO Episodes VALUES ('tt0072562', 32, 1, 'Dane Cook/The Killers');
INSERT INTO Episodes VALUES ('tt0072562', 32, 3, 'John C. Reilly/My Chemical Romance');
INSERT INTO Episodes VALUES ('tt0072562', 32, 2, 'Jaime Pressly/Corinne Bailey Rae');
INSERT INTO Episodes VALUES ('tt0072562', 32, 5, 'Alec Baldwin/Christina Aguilera');
INSERT INTO Episodes VALUES ('tt0072562', 32, 4, 'Hugh Laurie/Beck');
INSERT INTO Episodes VALUES ('tt0072562', 32, 6, NULL);
INSERT INTO Episodes VALUES ('tt0072562', 32, 8, 'Annette Bening/Gwen Stefani/Akon');
INSERT INTO Episodes VALUES ('tt0072562', 32, 9, 'Justin Timberlake');
INSERT INTO Episodes VALUES ('tt0072562', 32, 7, 'Matthew Fox/Tenacious D');
INSERT INTO Episodes VALUES ('tt0072562', 32, 10, 'Jake Gyllenhaal/The Shins');
INSERT INTO Episodes VALUES ('tt0072562', 32, 11, 'Jeremy Piven/AFI');
INSERT INTO Episodes VALUES ('tt0072562', 32, 12, 'Drew Barrymore/Lily Allen');
INSERT INTO Episodes VALUES ('tt0072562', 32, 13, 'Forest Whitaker/Keith Urban');
INSERT INTO Episodes VALUES ('tt0072562', 32, 14, 'Rainn Wilson/Arcade Fire');
INSERT INTO Episodes VALUES ('tt0072562', 32, 15, 'Julia Louis-Dreyfus/Snow Patrol');
INSERT INTO Episodes VALUES ('tt0072562', 32, 16, 'Peyton Manning/Carrie Underwood');
INSERT INTO Episodes VALUES ('tt0072562', 44, 16, 'Sandra Oh/Tame Impala');
INSERT INTO Episodes VALUES ('tt0072562', 44, 17, 'Kit Harington/Sara Bareilles');
INSERT INTO Episodes VALUES ('tt0072562', 44, 18, 'Emma Stone/BTS');
INSERT INTO Episodes VALUES ('tt0072562', 32, 17, 'Shia LaBeouf/Avril Lavigne');
INSERT INTO Episodes VALUES ('tt0072562', 44, 19, NULL);
INSERT INTO Episodes VALUES ('tt0072562', 32, 18, NULL);
INSERT INTO Episodes VALUES ('tt0072562', 44, 20, NULL);
INSERT INTO Episodes VALUES ('tt0072562', 44, 21, NULL);
INSERT INTO Episodes VALUES ('tt0072562', 32, 20, NULL);
INSERT INTO Episodes VALUES ('tt0072562', 32, 19, NULL);
INSERT INTO Episodes VALUES ('tt0072562', 45, 1, NULL);
INSERT INTO Episodes VALUES ('tt0072562', 45, 2, NULL);
INSERT INTO Episodes VALUES ('tt0072562', 45, 3, NULL);
INSERT INTO Episodes VALUES ('tt0072562', 33, 1, NULL);
INSERT INTO Episodes VALUES ('tt0072562', 33, 2, NULL);
INSERT INTO Episodes VALUES ('tt0072562', 33, 3, NULL);
INSERT INTO Episodes VALUES ('tt0072562', 45, 4, NULL);
INSERT INTO Episodes VALUES ('tt0072562', 45, 5, NULL);
INSERT INTO Episodes VALUES ('tt0072562', 45, 6, NULL);
INSERT INTO Episodes VALUES ('tt0072562', 45, 7, NULL);
INSERT INTO Episodes VALUES ('tt0072562', 45, 8, NULL);
INSERT INTO Episodes VALUES ('tt0072562', 45, 9, NULL);
INSERT INTO Episodes VALUES ('tt0072562', 45, 10, NULL);

INSERT INTO Produces VALUES ('tt0050783', 'Federico Fellini', 'director');
INSERT INTO Produces VALUES ('tt0050976', 'Ingmar Bergman', 'director');
INSERT INTO Produces VALUES ('tt0050986', 'Ingmar Bergman', 'director');
INSERT INTO Produces VALUES ('tt0053779', 'Federico Fellini', 'director');
-- INSERT INTO Produces VALUES ('tt0056801', 'Federico Fellini', 'director');
INSERT INTO Produces VALUES ('tt0057345', 'Georges Delerue', 'composer');
INSERT INTO Produces VALUES ('tt0069467', 'Ingmar Bergman', 'director');
INSERT INTO Produces VALUES ('tt0069946', 'Georges Delerue', 'composer');
INSERT INTO Produces VALUES ('tt0071129', 'Federico Fellini', 'director');
INSERT INTO Produces VALUES ('tt0083922', 'Ingmar Bergman', 'director');
INSERT INTO Produces VALUES ('tt0091763', 'Georges Delerue', 'composer');
INSERT INTO Produces VALUES ('tt0096320', 'Georges Delerue', 'composer');

INSERT INTO Characters VALUES ('Mademoiselle Amy Jolly');
INSERT INTO Characters VALUES ('Longfellow Deeds');
INSERT INTO Characters VALUES ('Maid Marian');
INSERT INTO Characters VALUES ('Rocky Sullivan');
INSERT INTO Characters VALUES ('James Frazier');
INSERT INTO Characters VALUES ('Judith Traherne');
INSERT INTO Characters VALUES ('Eddie Bartlett');
INSERT INTO Characters VALUES ('George Hally');
INSERT INTO Characters VALUES ('Vernon Castle');
INSERT INTO Characters VALUES ('Tom Joad');
INSERT INTO Characters VALUES ('Alvin C. York');
INSERT INTO Characters VALUES ('Rick Blaine');
INSERT INTO Characters VALUES ('Ilsa Lund');
INSERT INTO Characters VALUES ('Charlotte Vale');
INSERT INTO Characters VALUES ('George M. Cohan');
INSERT INTO Characters VALUES ('Robert Jordan');
INSERT INTO Characters VALUES ('Paula Alquist');
INSERT INTO Characters VALUES ('Dr. Constance Petersen');
INSERT INTO Characters VALUES ('Philip Marlowe');
INSERT INTO Characters VALUES ('Vivian Rutledge');
INSERT INTO Characters VALUES ('Alicia Huberman');
INSERT INTO Characters VALUES ('Virginia Stuart Cunningham');
INSERT INTO Characters VALUES ('Catherine Sloper');
INSERT INTO Characters VALUES ('Cody Jarrett');
INSERT INTO Characters VALUES ('Margo');
INSERT INTO Characters VALUES ('Dixon Steele');
INSERT INTO Characters VALUES ('Charlie Allnutt');
INSERT INTO Characters VALUES ('Marshal Will Kane');
INSERT INTO Characters VALUES ('Calamity Jane');
INSERT INTO Characters VALUES ('Terry Malloy');
INSERT INTO Characters VALUES ('Cal Trask');
INSERT INTO Characters VALUES ('Ruth Etting');
INSERT INTO Characters VALUES ('Martin Snyder');
INSERT INTO Characters VALUES ('Jim Stark');
INSERT INTO Characters VALUES ('Juliete Hardy');
INSERT INTO Characters VALUES ('Jett Rink');
INSERT INTO Characters VALUES ('Vincent Van Gogh');
INSERT INTO Characters VALUES ('Josephine Conway McKenna');
INSERT INTO Characters VALUES ('Juror 8');
INSERT INTO Characters VALUES ('Dick Avery');
INSERT INTO Characters VALUES ('Col. Dax');
INSERT INTO Characters VALUES ('Christine');
INSERT INTO Characters VALUES ('Julian Osborn');
INSERT INTO Characters VALUES ('Jan Morrow');
INSERT INTO Characters VALUES ('Spartacus');
INSERT INTO Characters VALUES ('Dominique Marceau');
INSERT INTO Characters VALUES ('Mrs. Bertholt');
INSERT INTO Characters VALUES ('Baby Jane Hudson');
INSERT INTO Characters VALUES ('Camille Javal');
INSERT INTO Characters VALUES ('Becket');
INSERT INTO Characters VALUES ('Thomas Becket');
INSERT INTO Characters VALUES ('Alec Leamas');
INSERT INTO Characters VALUES ('Don Vito Corleone');
INSERT INTO Characters VALUES ('Paul');
INSERT INTO Characters VALUES ('Bond Rogers');
INSERT INTO Characters VALUES ('Capt. Wild Bill Kelso');
INSERT INTO Characters VALUES ('Col. Walter E. Kurtz');
INSERT INTO Characters VALUES ('Joliet Jake');
INSERT INTO Characters VALUES ('Capt. Matthew Yelland');
INSERT INTO Characters VALUES ('Norman Thayer Jr.');
INSERT INTO Characters VALUES ('Hannah Morgan');

INSERT INTO PlaysIn VALUES ('Marlene Dietrich', 'tt0021156');
INSERT INTO PlaysIn VALUES ('Gary Cooper', 'tt0027996');
INSERT INTO PlaysIn VALUES ('Olivia de Havilland', 'tt0029843');
INSERT INTO PlaysIn VALUES ('James Cagney', 'tt0029870');
INSERT INTO PlaysIn VALUES ('Humphrey Bogart', 'tt0029870');
INSERT INTO PlaysIn VALUES ('Bette Davis', 'tt0031210');
INSERT INTO PlaysIn VALUES ('James Cagney', 'tt0031867');
INSERT INTO PlaysIn VALUES ('Humphrey Bogart', 'tt0031867');
INSERT INTO PlaysIn VALUES ('Fred Astaire', 'tt0031983');
INSERT INTO PlaysIn VALUES ('Henry Fonda', 'tt0032551');
INSERT INTO PlaysIn VALUES ('Gary Cooper', 'tt0034167');
INSERT INTO PlaysIn VALUES ('Humphrey Bogart', 'tt0034583');
INSERT INTO PlaysIn VALUES ('Ingrid Bergman', 'tt0034583');
INSERT INTO PlaysIn VALUES ('Bette Davis', 'tt0035140');
INSERT INTO PlaysIn VALUES ('James Cagney', 'tt0035575');
INSERT INTO PlaysIn VALUES ('Gary Cooper', 'tt0035896');
INSERT INTO PlaysIn VALUES ('Ingrid Bergman', 'tt0036855');
INSERT INTO PlaysIn VALUES ('Ingrid Bergman', 'tt0038109');
INSERT INTO PlaysIn VALUES ('Humphrey Bogart', 'tt0038355');
INSERT INTO PlaysIn VALUES ('Lauren Bacall', 'tt0038355');
INSERT INTO PlaysIn VALUES ('Ingrid Bergman', 'tt0038787');
INSERT INTO PlaysIn VALUES ('Olivia de Havilland', 'tt0040806');
INSERT INTO PlaysIn VALUES ('Olivia de Havilland', 'tt0041452');
INSERT INTO PlaysIn VALUES ('James Cagney', 'tt0042041');
INSERT INTO PlaysIn VALUES ('Bette Davis', 'tt0042192');
INSERT INTO PlaysIn VALUES ('Humphrey Bogart', 'tt0042593');
INSERT INTO PlaysIn VALUES ('Humphrey Bogart', 'tt0043265');
INSERT INTO PlaysIn VALUES ('Gary Cooper', 'tt0044706');
INSERT INTO PlaysIn VALUES ('Doris Day', 'tt0045591');
INSERT INTO PlaysIn VALUES ('Marlon Brando', 'tt0047296');
INSERT INTO PlaysIn VALUES ('James Dean', 'tt0048028');
INSERT INTO PlaysIn VALUES ('Doris Day', 'tt0048317');
INSERT INTO PlaysIn VALUES ('James Cagney', 'tt0048317');
INSERT INTO PlaysIn VALUES ('James Dean', 'tt0048545');
INSERT INTO PlaysIn VALUES ('Brigitte Bardot', 'tt0049189');
INSERT INTO PlaysIn VALUES ('James Dean', 'tt0049261');
INSERT INTO PlaysIn VALUES ('Kirk Douglas', 'tt0049456');
INSERT INTO PlaysIn VALUES ('Doris Day', 'tt0049470');
INSERT INTO PlaysIn VALUES ('Henry Fonda', 'tt0050083');
INSERT INTO PlaysIn VALUES ('Fred Astaire', 'tt0050419');
INSERT INTO PlaysIn VALUES ('Kirk Douglas', 'tt0050825');
INSERT INTO PlaysIn VALUES ('Marlene Dietrich', 'tt0051201');
INSERT INTO PlaysIn VALUES ('Fred Astaire', 'tt0053137');
INSERT INTO PlaysIn VALUES ('Doris Day', 'tt0053172');
INSERT INTO PlaysIn VALUES ('Kirk Douglas', 'tt0054331');
INSERT INTO PlaysIn VALUES ('Brigitte Bardot', 'tt0054452');
INSERT INTO PlaysIn VALUES ('Marlene Dietrich', 'tt0055031');
INSERT INTO PlaysIn VALUES ('Bette Davis', 'tt0056687');
INSERT INTO PlaysIn VALUES ('Brigitte Bardot', 'tt0057345');
INSERT INTO PlaysIn VALUES ('Richard Burton', 'tt0057877');
-- INSERT INTO PlaysIn VALUES ('Richard Burton', 'tt0057877');
INSERT INTO PlaysIn VALUES ('Richard Burton', 'tt0059749');
-- INSERT INTO PlaysIn VALUES ('Richard Burton', 'tt0061184');
INSERT INTO PlaysIn VALUES ('Marlon Brando', 'tt0068646');
INSERT INTO PlaysIn VALUES ('Marlon Brando', 'tt0070849');
INSERT INTO PlaysIn VALUES ('Lauren Bacall', 'tt0075213');
-- INSERT INTO PlaysIn VALUES ('John Belushi', 'tt0077975');
INSERT INTO PlaysIn VALUES ('John Belushi', 'tt0078723');
INSERT INTO PlaysIn VALUES ('Marlon Brando', 'tt0078788');
INSERT INTO PlaysIn VALUES ('John Belushi', 'tt0080455');
INSERT INTO PlaysIn VALUES ('Kirk Douglas', 'tt0080736');
INSERT INTO PlaysIn VALUES ('Henry Fonda', 'tt0082846');
INSERT INTO PlaysIn VALUES ('Lauren Bacall', 'tt0117057');

INSERT INTO PlaysAs VALUES ('Marlene Dietrich', 'tt0021156', 'Mademoiselle Amy Jolly');
INSERT INTO PlaysAs VALUES ('Gary Cooper', 'tt0027996', 'Longfellow Deeds');
INSERT INTO PlaysAs VALUES ('Olivia de Havilland', 'tt0029843', 'Maid Marian');
INSERT INTO PlaysAs VALUES ('James Cagney', 'tt0029870', 'Rocky Sullivan');
INSERT INTO PlaysAs VALUES ('Humphrey Bogart', 'tt0029870', 'James Frazier');
INSERT INTO PlaysAs VALUES ('Bette Davis', 'tt0031210', 'Judith Traherne');
INSERT INTO PlaysAs VALUES ('James Cagney', 'tt0031867', 'Eddie Bartlett');
INSERT INTO PlaysAs VALUES ('Humphrey Bogart', 'tt0031867', 'George Hally');
INSERT INTO PlaysAs VALUES ('Fred Astaire', 'tt0031983', 'Vernon Castle');
INSERT INTO PlaysAs VALUES ('Henry Fonda', 'tt0032551', 'Tom Joad');
INSERT INTO PlaysAs VALUES ('Gary Cooper', 'tt0034167', 'Alvin C. York');
INSERT INTO PlaysAs VALUES ('Humphrey Bogart', 'tt0034583', 'Rick Blaine');
INSERT INTO PlaysAs VALUES ('Ingrid Bergman', 'tt0034583', 'Ilsa Lund');
INSERT INTO PlaysAs VALUES ('Bette Davis', 'tt0035140', 'Charlotte Vale');
INSERT INTO PlaysAs VALUES ('James Cagney', 'tt0035575', 'George M. Cohan');
INSERT INTO PlaysAs VALUES ('Gary Cooper', 'tt0035896', 'Robert Jordan');
INSERT INTO PlaysAs VALUES ('Ingrid Bergman', 'tt0036855', 'Paula Alquist');
INSERT INTO PlaysAs VALUES ('Ingrid Bergman', 'tt0038109', 'Dr. Constance Petersen');
INSERT INTO PlaysAs VALUES ('Humphrey Bogart', 'tt0038355', 'Philip Marlowe');
INSERT INTO PlaysAs VALUES ('Lauren Bacall', 'tt0038355', 'Vivian Rutledge');
INSERT INTO PlaysAs VALUES ('Ingrid Bergman', 'tt0038787', 'Alicia Huberman');
INSERT INTO PlaysAs VALUES ('Olivia de Havilland', 'tt0040806', 'Virginia Stuart Cunningham');
INSERT INTO PlaysAs VALUES ('Olivia de Havilland', 'tt0041452', 'Catherine Sloper');
INSERT INTO PlaysAs VALUES ('James Cagney', 'tt0042041', 'Cody Jarrett');
INSERT INTO PlaysAs VALUES ('Bette Davis', 'tt0042192', 'Margo');
INSERT INTO PlaysAs VALUES ('Humphrey Bogart', 'tt0042593', 'Dixon Steele');
INSERT INTO PlaysAs VALUES ('Humphrey Bogart', 'tt0043265', 'Charlie Allnutt');
INSERT INTO PlaysAs VALUES ('Gary Cooper', 'tt0044706', 'Marshal Will Kane');
INSERT INTO PlaysAs VALUES ('Doris Day', 'tt0045591', 'Calamity Jane');
INSERT INTO PlaysAs VALUES ('Marlon Brando', 'tt0047296', 'Terry Malloy');
INSERT INTO PlaysAs VALUES ('James Dean', 'tt0048028', 'Cal Trask');
INSERT INTO PlaysAs VALUES ('Doris Day', 'tt0048317', 'Ruth Etting');
INSERT INTO PlaysAs VALUES ('James Cagney', 'tt0048317', 'Martin Snyder');
INSERT INTO PlaysAs VALUES ('James Dean', 'tt0048545', 'Jim Stark');
INSERT INTO PlaysAs VALUES ('Brigitte Bardot', 'tt0049189', 'Juliete Hardy');
INSERT INTO PlaysAs VALUES ('James Dean', 'tt0049261', 'Jett Rink');
INSERT INTO PlaysAs VALUES ('Kirk Douglas', 'tt0049456', 'Vincent Van Gogh');
INSERT INTO PlaysAs VALUES ('Doris Day', 'tt0049470', 'Josephine Conway McKenna');
INSERT INTO PlaysAs VALUES ('Henry Fonda', 'tt0050083', 'Juror 8');
INSERT INTO PlaysAs VALUES ('Fred Astaire', 'tt0050419', 'Dick Avery');
INSERT INTO PlaysAs VALUES ('Kirk Douglas', 'tt0050825', 'Col. Dax');
INSERT INTO PlaysAs VALUES ('Marlene Dietrich', 'tt0051201', 'Christine');
INSERT INTO PlaysAs VALUES ('Fred Astaire', 'tt0053137', 'Julian Osborn');
INSERT INTO PlaysAs VALUES ('Doris Day', 'tt0053172', 'Jan Morrow');
INSERT INTO PlaysAs VALUES ('Kirk Douglas', 'tt0054331', 'Spartacus');
INSERT INTO PlaysAs VALUES ('Brigitte Bardot', 'tt0054452', 'Dominique Marceau');
INSERT INTO PlaysAs VALUES ('Marlene Dietrich', 'tt0055031', 'Mrs. Bertholt');
INSERT INTO PlaysAs VALUES ('Bette Davis', 'tt0056687', 'Baby Jane Hudson');
INSERT INTO PlaysAs VALUES ('Brigitte Bardot', 'tt0057345', 'Camille Javal');
INSERT INTO PlaysAs VALUES ('Richard Burton', 'tt0057877', 'Becket');
INSERT INTO PlaysAs VALUES ('Richard Burton', 'tt0057877', 'Thomas Becket');
INSERT INTO PlaysAs VALUES ('Richard Burton', 'tt0059749', 'Alec Leamas');
-- INSERT INTO PlaysAs VALUES ('Richard Burton', 'tt0061184', 'George');
INSERT INTO PlaysAs VALUES ('Marlon Brando', 'tt0068646', 'Don Vito Corleone');
INSERT INTO PlaysAs VALUES ('Marlon Brando', 'tt0070849', 'Paul');
INSERT INTO PlaysAs VALUES ('Lauren Bacall', 'tt0075213', 'Bond Rogers');
-- INSERT INTO PlaysAs VALUES ('John Belushi', 'tt0077975', 'John Blutarsky');
INSERT INTO PlaysAs VALUES ('John Belushi', 'tt0078723', 'Capt. Wild Bill Kelso');
INSERT INTO PlaysAs VALUES ('Marlon Brando', 'tt0078788', 'Col. Walter E. Kurtz');
INSERT INTO PlaysAs VALUES ('John Belushi', 'tt0080455', 'Joliet Jake');
INSERT INTO PlaysAs VALUES ('Kirk Douglas', 'tt0080736', 'Capt. Matthew Yelland');
INSERT INTO PlaysAs VALUES ('Henry Fonda', 'tt0082846', 'Norman Thayer Jr.');
INSERT INTO PlaysAs VALUES ('Lauren Bacall', 'tt0117057', 'Hannah Morgan');

